entity_id,year,absolute_ghg_scope_1,absolute_ghg_scope_2,intensity_ghg_scope_1,intensity_ghg_scope_2,total_carbon_emission,biomass,coal,geothermal,hydroelectric,landfill_gas,liquid_nat_gas,nat_gas,nuclear,petroleum_oil,solar,wave_and_tidal,wind,green_tech_power,fossil_fuel_power,total_power,green_tech_rr,is_reduced_ce,is_long_hist,fx_asset,lt_debt,mkt_cap,net_income,ln_fx_asset,ln_lt_debt,ln_mkt_cap,ln_net_income,cp_avg_price,ln_cp_avg_prce,ln_abs_ghg_scope_1,ln_intensity_ghg_scope_1,ln_cp_avg_prce_sq,tot_asset
4147764,2004,1360591.6,105613.4125,247.4302269,19.20631483,1466205.013,,,,,,,,,,,,,,,,,TRUE,TRUE,3415.05,1139.044,4101.18119,48.314,8.135947413,7.037944593,8.319030306,3.877721374,,,14.12343016,5.511128631,,9488.185
4147764,2005,1289793.039,100051.8898,225.3110384,17.47783908,1389844.929,,,,,,,,,,,,,,,,,TRUE,TRUE,3594.792,1600.031,5977.08955,68.377,8.18724141,7.377778283,8.695689031,4.225036511,21.43648649,3.065094446,14.06999233,5.41748184,9.394803965,10911.109
4147764,2006,1670382.787,126135.6479,201.841385,15.24165244,1796518.435,,,,,,,,,,,,,,,,,TRUE,TRUE,5410.553,9998.88,8777.53187,1050.111,8.596106585,9.210228366,9.079950539,6.956651152,17.38942308,2.855862152,14.32856337,5.307482166,8.155948634,21287.366
4147764,2007,1586783.642,35446.03,136.6794041,3.053183893,1622229.672,,,,,,,,,,,,,,,,,TRUE,TRUE,22033.722,15795.305,13489.77878,31,10.00032938,9.667468023,9.50968755,3.433987204,1.519423077,0.418330708,14.27721966,4.917638067,0.175000581,38635.424
4147764,2008,1175414.112,167569.98,66.63606116,9.499803793,1342984.092,,,,,,,,,,,,,,,,,TRUE,TRUE,23336.956,18338.146,5525.12418,118.471,10.05779348,9.81673865,8.617061002,4.774668205,22.38673077,3.108468407,13.97713108,4.19924589,9.662575837,38458.369
4147764,2009,991283.3094,138116.03,106.0930194,14.78199674,1129399.339,,,,,,,,,,,,,,,,,TRUE,TRUE,10460.085,7076.65,5653.88355,34.393,9.255321864,8.864555911,8.640097942,3.537853055,13.37038462,2.593042158,13.80675565,4.664316251,6.723867634,20482.3
4147764,2010,946823.6314,134544.01,114.2444723,16.23418439,1081367.641,,,,,,,,,,,,,,,,,TRUE,TRUE,11475.93,4957.952,3218.88721,66.219,9.348007077,8.508748031,8.076790992,4.192967431,14.42566038,2.669008592,13.76086812,4.738340646,7.123606862,20502.191
4147764,2011,686971.438,191736.6592,74.325431,20.74454489,878708.0972,,,,,,,,,,,,,,,,,TRUE,TRUE,12901.171,6711.07,3909.14603,-111.938,9.465073361,8.811513681,8.271074222,,13.17788462,2.578540017,13.440048,4.308453168,6.648868619,20326.84
4147764,2012,626603.5588,202212.2711,69.53157625,22.43865,828815.8299,450,,,1828,,,28,,,697,,17376,20351,28,20379,0.998626037,TRUE,TRUE,13731.937,6922.833,3212.44473,75.401,9.527479567,8.842580358,8.074787524,4.322820538,7.510384615,2.016286678,13.34806934,4.241780984,4.065411969,19819.297
4147764,2013,468109.3225,187241.2495,51.4153056,20.5658499,655350.572,454,,,2882,,,28,,,641,,18399,22376,28,22404,0.998750223,TRUE,TRUE,11566.523,5562.802,2385.57963,-2047.371,9.355870256,8.623857217,7.777197405,,4.551538462,1.515465299,13.05645714,3.939935902,2.296635073,15690.207
4147764,2014,418503.118,182384.213,48.548,21.157,600887.331,405,,,2933,,,1,,,629,,17482,21449,1,21450,0.99995338,TRUE,TRUE,12134.045,6349.151,3200.96727,35.949,9.403770417,8.756076382,8.071208315,3.582101267,5.990576923,1.790187722,12.94443962,3.882552999,3.204772079,16143.18
4147764,2015,447409.358,327757.512,61.66,45.17,775166.87,408,,,2197,,,,,,849,,17421,20875,,20875,1,TRUE,TRUE,12126.715,6318.711,4500.2485,41.324,9.403166149,8.751270511,8.411887896,3.721443445,7.695,2.040570767,13.01122924,4.121635422,4.163929056,15777.617
4147764,2016,572991.612,57025.217,86.657,8.624,630016.829,360,,,2198,,,,,,614,,12937,16109,,16109,1,TRUE,TRUE,12566.958,5987.984,3986.63231,3.981,9.438826268,8.697510074,8.290702121,1.381533044,5.407169811,1.687725816,13.25862636,4.461957798,2.848418429,17407.764
4147764,2017,681488.3029,676426,78.23905818,77.6578746,1357914.303,397,,,1804,,,,,,927,,12848,15976,,15976,1,TRUE,TRUE,10924.192,5634.87,3890.77228,-11.869,9.298735058,8.636729356,8.266362946,,5.86,1.768149604,13.43203437,4.359768988,3.126353021,17147.358
4147764,2018,131684.6318,389045,14.85836084,43.89708134,520729.6318,410,,,2581,,,,,,682,,13878,17551,,17551,1,TRUE,TRUE,11491.015,4421.077,4039.73471,106.03,9.349320705,8.394138611,8.303934303,4.663722073,16.07634615,2.777349008,11.78816519,2.698562726,7.713667515,14937.593
4147764,2019,125636.643,105473,15.608,13.103,231109.643,402,,,1720,,,,,,1037,,14883,18042,,18042,1,TRUE,TRUE,12563.818,5271.116,5112.2347,138.678,9.438576375,8.569997384,8.539391907,4.932154699,24.89442308,3.214643806,11.74114923,2.747783603,10.3339348,17349.187
4147764,2020,98194,107663,11.865,13.009,205857,419,,,2374,,,,,,1580,,14699,19072,,19072,1,TRUE,TRUE,12999.539,4950.252,6364.76549,309.052,9.472669174,8.507193763,8.758532667,5.733509548,24.72403846,3.207775987,11.49470039,2.47359289,10.28982679,18206.631
10421857,2016,46155.11771,120.8744118,167.8280073,0.43952031,46275.99212,,,,,,,,,,,,,,,,,TRUE,FALSE,,,,,,,,,5.407169811,1.687725816,10.73976313,5.122939689,2.848418429,
10421857,2017,51761.9055,146.5481948,168.0346237,0.475739263,51908.45369,,,,,,,,,,,,,,,,,TRUE,FALSE,,,449.152,,,,6.107361361,,5.86,1.768149604,10.85440974,5.124170052,3.126353021,
10421857,2018,7929.56449,23.81351985,156.0867223,0.468748853,7953.37801,,,,,,,,,,,,,,,,,TRUE,FALSE,0.0076,,358.672,12.618,-4.879607032,,5.882408322,2.535124366,16.07634615,2.777349008,8.978353394,5.050411765,7.713667515,566.709
10421857,2020,7429.08,20.395,150.464,0.413,7449.475,,,,,,,,,,,,,,,,,TRUE,FALSE,0.04461,,613.33492,12.838,-3.10979723,,6.418911149,2.552409523,24.72403846,3.207775987,8.913157308,5.013723853,10.28982679,729.788
4098512,2004,24728613.95,13498.03,2519.533228,1.375278662,24742111.98,,,,,,,,,,,,,,,,,TRUE,TRUE,28006.465,7181.105,11249.36385,75.748,10.24019066,8.87920855,9.328066859,4.327412041,,,17.02347159,7.831828936,,20900.976
4098512,2005,28796631.06,11923,2522.738495,1.044518403,28808554.06,,,,,,,,,,,,,,,,,TRUE,TRUE,30532.107,8600.721,11049.95249,717.702,10.3265341,9.059601316,9.310181407,6.576054441,21.43648649,3.065094446,17.17576896,7.833100295,9.394803965,24035.57
4098512,2006,25411396.81,18814.02,2019.954945,1.495528681,25430210.83,,,,,,,,,,,,,,,,,TRUE,TRUE,32571.632,8624.695,15448.72104,275.049,10.391197,9.062384879,9.645281498,5.616949264,17.38942308,2.855862152,17.05070832,7.610830486,8.155948634,25468.911
4098512,2007,24287038.85,11799.99,1510.94235,0.734099564,24298838.84,,,,,,,,,,,,,,,,,TRUE,TRUE,37394.495,10064.346,19124.09377,256.376,10.52927878,9.216754358,9.858704273,5.546645117,1.519423077,0.418330708,17.00545339,7.320488808,0.175000581,31526.717
4098512,2008,19813650.24,1571027.98,1023.900401,81.18525154,21384678.22,,,,,,,,,,,,,,,,,TRUE,TRUE,40341.85,10874.311,11588.33685,236.982,10.60514467,9.294158498,9.357754427,5.467984189,22.38673077,3.108468407,16.80188166,6.931374536,9.662575837,35744.969
4098512,2009,20260551.99,1274420.99,1157.657632,72.81850888,21534972.98,,,,,,,,,,,,,,,,,TRUE,TRUE,30087.636,13486.499,13206.13675,273.515,10.3118696,9.50944439,9.488436906,5.611356465,13.37038462,2.593042158,16.8241863,7.05415396,6.723867634,38633.904
4098512,2010,14883012.24,179143.1708,793.6839174,9.553378798,15062155.41,,,,,,,,,,,,,,,,,TRUE,TRUE,32076.264,14887.195,9056.85142,304.653,10.3758716,9.608256726,9.111276813,5.719173424,14.42566038,2.669008592,16.515731,6.676685293,7.123606862,40488.853
4098512,2011,17134663.19,1280398,806.6447021,60.27700992,18415061.19,,,,,,,,,,,,,,,,,TRUE,TRUE,34117.652,15786.411,8632.93556,301.033,10.43757018,9.666904786,9.063339884,5.707219893,13.17788462,2.578540017,16.65661406,6.692883301,6.648868619,41267.629
4098512,2012,18267081.07,1454760,870.3563631,69.31373537,19721841.07,207,15387,,14496,,,4892,1230,1,,,18445,34378,20280,54658,0.628965568,TRUE,TRUE,35083.044,16824.575,8309.17829,217.957,10.46547322,9.730595894,9.025116001,5.384297796,7.510384615,2.016286678,16.72061115,6.768902741,4.065411969,42627.844
4098512,2013,16870229.51,2328203,789.106968,108.9019689,19198432.51,1952,9656.79,,20994,,,7330.21,1157,,,,19858,43961,16987,60948,0.721286999,TRUE,TRUE,34244.349,15769.048,9689.14408,212.746,10.44127684,9.66580431,9.178761371,5.360098966,4.551538462,1.515465299,16.64106106,6.670901886,2.296635073,42065.537
4098512,2014,16551219.95,2214333,765.8014161,102.4540398,18765552.95,,14776.49,,23180,,,1296.51,1204,,,,19763,44147,16073,60220,0.733095317,TRUE,TRUE,36252.232,16666.853,11691.89284,274.126,10.49825623,9.721177176,9.366650961,5.613587855,5.990576923,1.790187722,16.62197037,6.640922888,3.204772079,42873.017
4098512,2015,21573972.2,2634843,1253.797846,153.1271315,24208815.2,,21831,,15482,,,3780,1227,,,,21388,38097,25611,63708,0.597993972,TRUE,TRUE,39750.639,15861.958,12069.38657,176.784,10.5903812,9.671678943,9.39842749,5.174928648,7.695,2.040570767,16.88699816,7.133932501,4.163929056,42536.965
4098512,2016,18953343.5,564924.837,1173.933,34.99,19518268.34,48.7,17763.25,,21139,,,5350.05,1239,,,,24473,46899.7,23113.3,70013,0.66987131,TRUE,TRUE,42268.679,16114.135,10519.29515,345.533,10.65180164,9.687452116,9.260966483,5.845088152,5.407169811,1.687725816,16.75749091,7.068114929,2.848418429,44083.746
4098512,2017,23158907.53,802192.461,1224.867,42.428,23961099.99,65.03,21444,,11424,,,8209.97,1236,,,,27621,40346.03,29653.97,70000,0.576371857,TRUE,TRUE,40720.287,16061.415,10486.77706,-33.399,10.6144817,9.684175091,9.257870415,,5.86,1.768149604,16.95789004,7.110587546,3.126353021,42075.049
4098512,2018,18429223.89,601863.259,1022.084,33.379,19031087.15,60.38,17470,,19296,,,5580.63,1196,,,,28359,48911.38,23050.63,71962.01,0.67968335,TRUE,TRUE,41437.849,13863.647,11082.40077,221.919,10.63194997,9.537025369,9.313113613,5.40231245,16.07634615,2.777349008,16.72944822,6.929598959,7.713667515,41626.96
4098512,2019,14362658.9,846220,895.118,52.739,15208878.9,47.88,10856,,14096,,,10405.12,1223,,273,,29768,45407.88,21261.12,66669,0.681094362,TRUE,TRUE,38433.035,13339.638,14046.15147,51.406,10.55667266,9.498495183,9.550103721,3.939754897,24.89442308,3.214643806,16.48014226,6.796955553,10.3339348,42361.646
4098512,2020,9310612,594400.8,656.26,41.896,9905012.8,34.09,5821,,18791,,,9936.91,1196,,265,,30896,51182.09,15757.91,66940,0.764596504,TRUE,TRUE,40617.617,14433.918,20338.41056,378.391,10.61195717,9.577336133,9.920266523,5.935928053,24.72403846,3.207775987,16.04666538,6.486557052,10.28982679,43271.418
4101540,2004,86213498.63,47247.23157,1353.919401,0.74198292,86260745.86,,,,,,,,,,,,,,,,,TRUE,TRUE,181351,20636,,-302,12.10818966,9.934792402,,,,,18.27233732,7.210758925,,151459
4101540,2005,74088801.62,1157271.94,1230.016093,19.21293203,75246073.56,,,,,,,,,,,,,,,,,TRUE,TRUE,188655,23511,51993.084,549,12.14767523,10.06522368,10.85886599,6.308098442,21.43648649,3.065094446,18.12077495,7.114782532,9.394803965,171136
4101540,2006,99922702.91,51320.29217,1285.235332,0.660096763,99974023.2,,,,,,,,,,,,,,,,,TRUE,TRUE,193420,19983,100566.5256,731,12.17261927,9.902637191,11.51857473,6.59441346,17.38942308,2.855862152,18.41990747,7.158697118,8.155948634,179086
4101540,2007,80952539.9,51983.27483,929.8363689,0.597089845,81004523.17,,,,,,,,,,,,,,,,,TRUE,TRUE,198301,17210,148465.0622,1052,12.19754136,9.753245889,11.90810494,6.958448393,1.519423077,0.418330708,18.20937361,6.835008623,0.175000581,186149
4101540,2008,99566089.21,51922.15642,1112.156878,0.579972397,99618011.37,,,,,,,,,,,,,,,,,TRUE,TRUE,204620,25217,75614.72586,184,12.22890988,10.13527365,11.23340633,5.214935758,22.38673077,3.108468407,18.41633219,7.014056542,9.662575837,200492
4101540,2009,82116516.35,54705.77634,862.7899468,0.574788069,82171222.13,,,,,,,,,,,,,,,,,TRUE,TRUE,231582,43941,76703.32975,,12.3526893,10.6906031,11.2477004,,13.37038462,2.593042158,18.22364973,6.760171263,6.723867634,240035
4101540,2010,76161711.27,48461.25203,883.2254511,0.561991196,76210172.52,,,,,,,,,,,,,,,,,TRUE,TRUE,199645,39993,56743.45996,-319.5,12.20429607,10.59645972,10.94629569,,14.42566038,2.669008592,18.14836942,6.783580492,7.123606862,240559
4101540,2011,85282304.34,48701.73151,938.9827517,0.536220101,85331006.07,,,,,,,,,,,,,,,,,TRUE,TRUE,208464,42354,34972.7896,250.5,12.24752164,10.65381815,10.4623256,5.523458921,13.17788462,2.578540017,18.26147754,6.84479711,6.648868619,231962
4101540,2012,80323932.63,74004,831.8866601,0.766433345,80397936.63,4825.4,53835.7,,46300,,,41600,485500,3064.3,384.3,400.3,6790,544200,98500,642700,0.846740314,TRUE,TRUE,222167,45501,25830.5989,,12.31118463,10.72548958,10.15931507,,7.510384615,2.016286678,18.20157817,6.723696206,4.065411969,250084
4101540,2013,81815596.78,53090,815.2213404,0.528995725,81868686.78,3990,56870,,55500,,,37800,487100,2730,450,360,9100,556500,97400,653900,0.851047561,TRUE,TRUE,222413,40224,47718.5791,320,12.31229129,10.60221911,10.7730761,5.768320996,4.551538462,1.515465299,18.21997845,6.70345966,2.296635073,250919
4101540,2014,65389124.79,200193,676.4624317,2.071033127,65589317.79,1780.7,40200,,51500,,,36400,477700,4500,2365.03,269.78,8784.49,542400,81100,623500,0.869927827,TRUE,TRUE,235767,46092,42414.487,591.5,12.37059931,10.73839468,10.65524526,6.382661683,5.990576923,1.790187722,17.99586651,6.516876913,3.204772079,267947
4101540,2015,60204963.31,315520,723.8286524,3.793415091,60520483.31,439.34,32947.22,,43500,,,41700,482700,4952.78,1144.59,462.46,11453.61,539700,79600,619300,0.871467786,TRUE,TRUE,246580,52292,25226.66066,-663.5,12.41544176,10.86459867,10.13565668,,7.695,2.040570767,17.91326535,6.584554696,4.163929056,278941
4101540,2016,49958930.4,554340,665.8640585,7.388370392,50513270.4,187.88,19907.42,,56797.75,,,46900,453600,2992.58,307.09,114.44,3092.84,514100,69800,583900,0.880458983,TRUE,TRUE,251080,52623,20393.99037,385,12.43352689,10.87090857,9.922995547,5.953243334,5.407169811,1.687725816,17.72671183,6.501085533,2.848418429,281640
4101540,2017,51318251.6,473902.9063,613.7672987,5.667888082,51792154.51,137.9,21700,3.91,51450.64,,,50100,447700,5300,569.22,117.36,3720.96,503699.99,77100,580799.99,0.867252064,TRUE,TRUE,262629,49418,30476.00802,584,12.47849767,10.80807001,10.32469503,6.369900983,5.86,1.768149604,17.75355703,6.419615864,3.126353021,271842
4101540,2018,35699737.14,470025,438.5459709,5.773924025,36169762.14,155.61,5840,4.31,64811.29,,,46720,455520,5840,737.67,129.23,4241.89,525600,58400,584000,0.9,TRUE,TRUE,272378,50622,41494.23906,-274.5,12.51494609,10.83214154,10.63330988,,16.07634615,2.777349008,17.39065388,6.083464643,7.713667515,283169
4101540,2019,33090243.98,289242.736,414.465,3.623,33379486.72,133.81,3345.6,0.57,56727.57,,,49068.8,437716,5018.4,995.88,136.66,4456.71,500167.2,57432.8,557600,0.897,TRUE,TRUE,290074,51796,30775.65157,1328.5,12.57789134,10.85506821,10.33447912,7.191805765,24.89442308,3.214643806,17.31474905,6.026988532,10.3339348,303284
4101540,2020,27690998,320773,351.959,4.077,28011771,124.55,2199.56,0.58,62294.43,,,41991.63,384023.49,4999,1273.86,139.03,4853.87,452709.81,49190.19,501900,0.90199205,TRUE,TRUE,300991,49759,39910.43633,675.5,12.61483564,10.81494663,10.59439313,6.515453157,24.72403846,3.207775987,17.13661794,5.863514692,10.28982679,305891
5001167,2019,2542696.544,416.846737,2962.289921,0.485634391,2543113.391,182.5,,181.3,252.65,,,4716,,,160.55,,,777,4716,5493,0.141452758,TRUE,FALSE,1592.172,17.035,845.98755,,7.372854401,2.835270051,6.740504643,,24.89442308,3.214643806,14.74873571,7.99371787,10.3339348,1693.75
5001167,2020,2272063.753,606.024,2513.658,0.67,2272669.777,166.7,,186.9,650.2,,,3956,,,413.2,,,1417,3956,5373,0.263726038,TRUE,FALSE,1610.908,16.044,845.98755,4.12,7.384553274,2.775334948,6.740504643,1.415853163,24.72403846,3.207775987,14.63619912,7.829494342,10.28982679,1697.932
5001290,2004,231163.1593,505.3609623,252.7671692,0.552590907,231668.5203,,,,,,,,,,,,,,,,,FALSE,TRUE,3746.8,1879.3,,7,8.228657421,7.538654646,,1.945910149,,,12.35087906,5.532468785,,3789.5
5001290,2005,193796.8528,423.671859,230.0381517,0.502901311,194220.5247,,,,,,,,,,,,,,,,,FALSE,TRUE,3901.1,2129.5,1508.78864,16.45,8.269013844,7.663642489,7.319062383,2.800325477,21.43648649,3.065094446,12.17456574,5.438245172,9.394803965,3855.8
5001290,2006,203042.5209,443.8846121,216.3132552,0.472896637,203486.4055,,,,,,,,,,,,,,,,,FALSE,TRUE,4026.6,2119.8,1433.10972,19.05,8.300677626,7.659077024,7.267601992,2.947067102,17.38942308,2.855862152,12.2211707,5.376727613,8.155948634,3898.1
5001290,2007,217274.7963,474.9987044,203.4072541,0.44468196,217749.795,,,,,,,,,,,,,,,,,FALSE,TRUE,4148.9,2230.2,1336.59574,21.8,8.330598518,7.709846547,7.197881168,3.08190997,1.519423077,0.418330708,12.28891817,5.315210147,0.175000581,3977.9
5001290,2008,208677.269,454.8449957,198.233363,0.432080857,209132.114,,,,,,,,,,,,,,,,,FALSE,TRUE,4291.7,1617.8,1180.76987,28.3,8.364438204,7.388822481,7.073921937,3.342861805,22.38673077,3.108468407,12.24854417,5.289444938,9.662575837,4228.1
5001290,2009,206125.0825,450.62361,195.809821,0.428072738,206575.7061,,,,,,,,,,,,,,,,,FALSE,TRUE,4382.1,2647.1,1317.77796,20.9,8.385283341,7.88121998,7.183702233,3.039749159,13.37038462,2.593042158,12.23623846,5.277143887,6.723867634,4451.9
5001290,2010,236010.2206,520.2792225,189.8380537,0.418493719,236530.4998,,,,,,,,,,,,,,,,,FALSE,TRUE,5380.3,2948.7,1729.78052,30.75,8.590499414,7.989119674,7.455749812,3.425889994,14.42566038,2.669008592,12.37163039,5.24617136,7.123606862,5904
5001290,2011,298947.8066,659.809964,180.9106875,0.399289346,299607.6166,,,,,,,,,,,,,,,,,FALSE,TRUE,5630.5,2953.7,1806.43165,38.05,8.635953527,7.990813901,7.499108714,3.638901084,13.17788462,2.578540017,12.60802428,5.19800347,6.648868619,5843.8
5001290,2012,280662.0756,618.7132326,177.9721499,0.392335601,281280.7888,,,,,,,,,,,,,,,,,FALSE,TRUE,5912,2387.8,2064.14842,40.95,8.684739463,7.778127719,7.632473033,3.71235181,7.510384615,2.016286678,12.54490665,5.181627077,4.065411969,6187
5001290,2013,307831.3089,678.6071962,175.3025677,0.386450567,308509.9161,,,,,,,,,,,,,,,,,FALSE,TRUE,4900.9,2327.3,2041.14932,49.1,8.497174141,7.752464076,7.62126832,3.893859035,4.551538462,1.515465299,12.63730721,5.166513439,2.296635073,5555.7
5001290,2014,183161.7489,472.1277177,175.7921096,0.453131333,183633.8766,,,,,,,,,,,,,,,,,FALSE,TRUE,5120.7,2671.8,2332.4825,36.7,8.541046427,7.890507682,7.75468843,3.602776755,5.990576923,1.790187722,12.11812492,5.169302101,3.204772079,5697
5001290,2015,151361.9984,372.8441619,174.9709941,0.430999289,151734.8426,,,,,,,,,,,,,,,,,FALSE,TRUE,5374.9,2623.4,2601.93274,58.3,8.589495248,7.872226465,7.864009809,4.065602093,7.695,2.040570767,11.92742959,5.164620212,4.163929056,6435.5
5001290,2016,148539.261,389.0055253,167.8280073,0.43952031,148928.2665,,,,,,,,,,,,,,,,,FALSE,TRUE,5729.9,2595.8,3025.37719,46.7,8.653453358,7.861650033,8.014791054,3.843744165,5.407169811,1.687725816,11.90860459,5.122939689,2.848418429,6241.6
5001290,2017,30471.1561,306512,32.63006441,328.2286458,336983.1561,,,,,,,,,,,,,,,,,FALSE,TRUE,6061.6,2834.7,2917.15881,53.05,8.709729071,7.94969139,7.978365411,3.971234865,5.86,1.768149604,10.32453581,3.485234085,3.126353021,6582.3
5001290,2018,6036.796,1248894.056,2.648,547.787,1254930.852,,,,,,,,,,,,,,,,,FALSE,TRUE,11483.9,5776.7,3557.17788,69.6,9.348701333,8.661587864,8.176722779,4.242764567,16.07634615,2.777349008,8.705628687,0.973804638,7.713667515,13754.3
5001290,2019,16724.37,1375305.54,6.663,547.884,1392029.91,,,,,,,,,,,,,,,,,FALSE,TRUE,12793.3,5308.6,5430.4474,68.9,9.456676875,8.577083426,8.599776804,4.232656178,24.89442308,3.214643806,9.724622216,1.896569834,10.3339348,13893.4
5001290,2020,19803.81,1019820.874,7.864,404.956,1039624.684,,,,,,,,,,,,,,,,,FALSE,TRUE,13815.6,7177.2,6693.66146,67.8,9.533553667,8.878664614,8.808916307,4.216562195,24.72403846,3.207775987,9.893629622,2.062295383,10.28982679,15165.6
4825275,2004,17500125.18,29215.62352,1307.9416,2.183546058,17529340.8,,,,,,,,,,,,,,,,,TRUE,TRUE,28829.4,5700.4,6959.2207,128.8,10.26915098,8.648291627,8.847822779,4.858260814,,,16.67771859,7.176209883,,23927.5
4825275,2005,18999852.02,25609.57566,1495.670006,2.015988026,19025461.6,,,,,,,,,,,,,,,,,TRUE,TRUE,29325,4320,11222.022,26.8,10.28619567,8.371010681,9.325633377,3.288401888,21.43648649,3.065094446,16.75994175,7.31032955,9.394803965,24941.5
4825275,2006,45052641.4,35899.48493,2583.317359,2.05847559,45088540.88,,,,,,,,,,,,,,,,,TRUE,TRUE,31082.2,3186.7,12212.85,403.1,10.34439059,8.066741178,9.410243955,5.99918467,17.38942308,2.855862152,17.62334217,7.85682965,8.155948634,28148.3
4825275,2008,31718464.58,37619.19887,1329.380334,1.576691174,31756083.78,,,,,,,,,,,,,,,,,TRUE,TRUE,32489.5,4925.1,9208.4889,97.2,10.38867224,8.502099858,9.127881044,4.576770711,22.38673077,3.108468407,17.27240955,7.192468198,9.662575837,32758.9
4825275,2009,17907005.67,33370.43453,827.4467593,1.541980743,17940376.1,,,,,,,,,,,,,,,,,TRUE,TRUE,32758.2,6737,9770.26092,55.4,10.39690859,8.815370001,9.187098451,4.014579594,13.37038462,2.593042158,16.70070257,6.718344766,6.723867634,34638.8
4825275,2010,22045328.72,1152150.79,951.5010553,49.72811732,23197479.51,,,,,,,,,,,,,,,,,TRUE,TRUE,35448.1,6345.5,9993.75564,-88.2,10.47582493,8.755501179,9.209715741,,14.42566038,2.669008592,16.90861129,6.858040796,7.123606862,35780.1
4825275,2011,22978005.2,1106588.892,879.3529849,42.34842134,24084594.09,,,,,,,,,,,,,,,,,TRUE,TRUE,35745.4,5961.8,9526.023,-300.3,10.48417687,8.693127728,9.161782596,,13.17788462,2.578540017,16.95004802,6.779186393,6.648868619,35688.7
4825275,2012,21627848.64,1171605.799,874.8821177,47.39338523,22799454.44,200.17,22984,,7976,,,1178,25799,281,150.83,,482,34608,24443,59051,0.586069669,TRUE,TRUE,36375,5383.8,8166.27906,-80.6,10.501637,8.591149724,9.007768645,,7.510384615,2.016286678,16.88949233,6.774089155,4.065411969,36765.7
4825275,2013,23628481.08,43536.81199,832.7128055,1.534320413,23672017.89,160,25271,,8167,,,759,23227,321,160,,483,32197,26351,58548,0.549924848,TRUE,TRUE,36911.1,5451.6,7272.45748,-183.1,10.5162676,8.603664423,8.891849544,,4.551538462,1.515465299,16.97796337,6.724688811,2.296635073,35758.3
4825275,2014,20620378.66,1168913.547,714.4083286,40.49787771,21789292.21,316.61,22964,,6295,,,2270,25086,295,47.39,,504,32249,25529,57778,0.558153622,TRUE,TRUE,36669.5,7155.5,6932.53442,304.7,10.50970063,8.875636571,8.843980742,5.719327686,5.990576923,1.790187722,16.8417904,6.571454688,3.204772079,38312.1
4825275,2015,16528997.15,1098000,704.2017774,46.77921744,17626997.15,180.21,20064,,8063,,,817,25283,285,135.79,,1145,34807,21166,55973,0.621853394,TRUE,TRUE,37619.6,6778.6,5583.67638,-552.6,10.53528047,8.82152587,8.627602688,,7.695,2.040570767,16.6206268,6.557064931,4.163929056,38158.2
4825275,2016,16180998.11,1040000,755.2243203,48.54047247,17220998.11,132.65,18427,,8058,,,3199,21016,174,110.35,,1678,30995,21800,52795,0.58708211,TRUE,TRUE,39610.8,6688.7,5334.39711,-1604.7,10.58685709,8.808174814,8.581931151,,5.407169811,1.687725816,16.59934816,6.627014818,2.848418429,38535.3
4825275,2017,16774146.3,1089040.749,635.728,41.274,17863187.05,136.42,19004,,5958,,,3436,17532,211,118.58,,2077,25822,22651,48473,0.532708931,TRUE,TRUE,41758.1,5851.8,7793.8534,185.4,10.63964872,8.674504585,8.961090676,5.222515653,5.86,1.768149604,16.63534935,6.454770799,3.126353021,38784.9
4825275,2018,16628346.86,920832.197,683.378,37.844,17549179.06,164.7,18916,,5876,,,3518,20656,198,144.3,,2229,29070,22632,51702,0.562260648,TRUE,TRUE,42419.3,6245.1,7908.96679,-134.5,10.65535873,8.739552435,8.975752431,,16.07634615,2.777349008,16.62661944,6.527048147,7.713667515,39609
4825275,2019,10786379.28,870523.61,513.461,41.439,11656902.89,173.87,11356,,6301,,,3634,21033,188,185.13,,3328,31021,15178,46199,0.67146475,TRUE,TRUE,46450.5,7360.7,13678.17886,445.9,10.74614251,8.903910316,9.523557058,6.100094712,24.89442308,3.214643806,16.19379472,6.241174077,10.3339348,43288.1
4825275,2020,9565865.901,709033,426.168,31.588,10274898.9,243.58,8571,,6081,,,4404,10247,170,272.42,,5250,22094,13145,35239,0.626975794,TRUE,TRUE,48864.8,8120.1,15167.88151,345.9,10.79681258,9.002097748,9.626935413,5.846149716,24.72403846,3.207775987,16.07371168,6.054833635,10.28982679,45965
4098284,2004,99638083.93,20364.92778,4155.24231,0.849285797,99658448.86,,,,,,,,,,,,,,,,,TRUE,TRUE,56139,17715,18305.82208,81,10.93558604,9.782167017,9.814974435,4.394449155,,,18.41705502,8.332126023,,47182
4098284,2005,104756007.3,15962.33541,5072.422197,0.772917053,104771969.6,,,,,,,,,,,,,,,,,TRUE,TRUE,61868,17168,23525.47204,1626,11.03275836,9.750802465,10.06583903,7.39387829,21.43648649,3.065094446,18.46714446,8.531573733,9.394803965,55365
4098284,2006,82914514.31,18828.76105,3200.554083,0.726802401,82933343.07,,,,,,,,,,,,,,,,,TRUE,TRUE,64199,19057,37935.08835,752,11.06974291,9.855189767,10.54363178,6.622736324,17.38942308,2.855862152,18.23332069,8.071079225,8.155948634,54088
4098284,2007,87360111.75,23220.16764,2819.800851,0.749498223,87383331.92,,,,,,,,,,,,,,,,,TRUE,TRUE,,21145,38485.63945,697,,9.95915875,10.55804045,6.546785411,1.519423077,0.418330708,18.28554935,7.944421541,0.175000581,58522
4098284,2008,55555109.23,22026.54984,1835.810957,0.727864315,55577135.78,,,,,,,,,,,,,,,,,TRUE,TRUE,59085,17486,30280.31055,799,10.98673236,9.76915584,10.31825296,6.683360946,22.38673077,3.108468407,17.83288605,7.515241601,9.662575837,58546
4098284,2009,48708494.69,25292.48206,1389.477887,0.7215034,48733787.17,,,,,,,,,,,,,,,,,TRUE,TRUE,,19512,25351.81944,382,,9.87878494,10.14060578,5.945420609,13.37038462,2.593042158,17.701364,7.236683335,6.723867634,59937
4098284,2010,39527831.39,661178.715,1010.595128,16.90413981,40189010.11,,,,,,,,,,,,,,,,,TRUE,TRUE,63299,15823,20428.6221,1407,11.05562481,9.669219857,9.924692241,7.249215057,14.42566038,2.669008592,17.49251557,6.918294672,7.123606862,62588
4098284,2011,52013977.07,690884.5913,1213.241451,16.11508812,52704861.66,,,,,,,,,,,,,,,,,TRUE,TRUE,63899,12339,16781.22105,234,11.06505899,9.420520257,9.728015746,5.455321115,13.17788462,2.578540017,17.76702303,7.101050942,6.648868619,58721
4098284,2012,53442590.23,656562.6977,1288.772945,15.83306943,54099152.93,,32800,,40300,,,25900,27000,15200,,,200,67500,73900,141400,0.477369165,TRUE,TRUE,,9886,17861.14821,372,,9.198874894,9.790383142,5.918893854,7.510384615,2.016286678,17.79411856,7.161445839,4.065411969,58778
4098284,2013,46787507.98,702578.7282,1187.508943,17.83207867,47490086.71,,27100,,40300,,,27400,26000,11400,,,200,66500,65900,132400,0.502265861,TRUE,TRUE,63332,6761,24668.92433,,11.05614601,8.818926087,10.11329961,,4.551538462,1.515465299,17.6611268,7.079613067,2.296635073,55957
4098284,2014,31859810.01,581796.7532,1173.201059,21.42399992,32441606.76,,23397.25,,8780.39,,,1786,24762,10955.35,,,,33542.39,36138.6,69680.99,0.481370744,TRUE,TRUE,46146,5544,17522.34754,465,10.73956556,8.620471541,9.771232348,6.142037406,5.990576923,1.790187722,17.2768559,7.06749124,3.204772079,30696
4098284,2015,33308957.37,811230.4453,1557.869015,37.94146903,34120187.82,,25518.39,,7178.43,,,3477,25756,11131.17,,,,32934.43,40126.56,73060.99,0.450779958,TRUE,TRUE,46355,4163,19613.38297,-120,10.74408444,8.333991247,9.883967417,,7.695,2.040570767,17.32133691,7.35107415,4.163929056,29245
4098284,2016,29857300.76,805890,1473.870952,39.78182326,30663190.76,0.36,20300.38,,7206.74,,,3858,25921,11364.14,9.71,,1170.67,34308.48,35522.52,69831,0.491307299,TRUE,TRUE,48322,3749,21307.38636,106,10.78564222,8.229244417,9.966809069,4.663439094,5.407169811,1.687725816,17.21193995,7.295647519,2.848418429,30960
4098284,2017,34801769.12,707004,1482.048969,30.10808289,35508773.12,1.1,23611.66,,5067.8,,,8409,26448,11734.34,25.4,,3350.8,34893.1,43755,78648.1,0.443661067,TRUE,TRUE,49041,3962,18904.01905,378,10.80041196,8.284504227,9.847129827,5.934894196,5.86,1.768149604,17.36517878,7.301180848,3.126353021,31037
4098284,2018,31292645.09,591547,1355.914926,25.63181874,31884192.09,1.2,22316,,8458.6,,,5293,24067,10345,24.2,,3688.2,36239.2,37954,74193.2,0.488443685,TRUE,TRUE,50037,4543,21312.68012,224,10.82051801,8.421342866,9.967057485,5.411646052,16.07634615,2.777349008,17.25889365,7.212231728,7.713667515,31656
4098284,2019,17476356.37,418057,810.6298274,19.3913117,17894413.37,1,7637,,5861,,,7586.7,26279,9810.7,101,,4127,36369,25034.4,61403.4,0.592296192,TRUE,TRUE,50568,5006,25187.71286,-5,10.83107424,8.518392472,10.13411157,,24.89442308,3.214643806,16.67635946,6.69781151,10.3339348,31981
4098284,2020,10298310,457184,542.752,24.095,10755494,0.92,1433,,7681,,,8090.35,25839,7491.37,498,,5235,39253.92,17014.72,56268.64,0.697616292,TRUE,TRUE,51693,5197,23663.10982,-117,10.85307765,8.555836815,10.07167257,,24.72403846,3.207775987,16.14749036,6.296652494,10.28982679,32062
4098284,2021,10812036,433811,445.405,17.871,11245847,0.68,776,,6122,,,11252.19,25504,7266.5,1066,,5605,38297.68,19294.69,57592.37,0.664978364,TRUE,TRUE,53587,6363,21385.12022,-24,10.88906178,8.758255243,9.970450642,,,,16.19617052,6.098983981,,39968
4632323,2009,518721.7274,1072.137548,207.1102075,0.428072738,519793.8649,,,,,,,,,,,,,,,,,FALSE,FALSE,11872.484,107.056,9446.87117,67.217,9.381978733,4.673352062,9.153438873,4.207926192,13.37038462,2.593042158,13.15912285,5.333251055,6.723867634,12229.688
4632323,2010,521519.6034,1086.403418,200.8946907,0.418493719,522606.0068,,,,,,,,,,,,,,,,,FALSE,FALSE,12640.811,72.362,10462.1891,91.874,9.444685827,4.2816813,9.255522999,4.520418073,14.42566038,2.669008592,13.16450214,5.302780844,7.123606862,12836.705
4632323,2011,12197864.05,1433.461804,3397.702782,0.399289346,12199297.51,,,,,,,,,,,,,,,,,FALSE,FALSE,14025.718,73.379,7945.9664,73.358,9.548647923,4.295637791,8.980419708,4.295351565,13.17788462,2.578540017,16.31677142,8.13085483,6.648868619,14162.151
4632323,2012,10724839.83,1239.766396,3393.975266,0.392335601,10726079.6,650,10579,,149,,,,,,,,100,899,10579,11478,0.07832375,FALSE,FALSE,16050.274,50.797,6943.89175,88.171,9.6834812,3.927837298,8.845617667,4.479278111,7.510384615,2.016286678,16.18807309,8.129757158,4.065411969,14680.535
4632323,2013,11551619.18,1143.861217,3902.684799,0.386450567,11552763.04,681.6,10889,,144.8,,,,,,,,138.2,964.6,10889,11853.6,0.081376122,FALSE,FALSE,18043.391,819.909,6003.61906,60.884,9.800534747,6.709193358,8.700117743,4.108970414,4.551538462,1.515465299,16.26233617,8.269420005,2.296635073,16329.18
4632323,2014,12566577.59,1444.33451,3942.514714,0.453131333,12568021.92,779,11779,,113,,,,,,,,141,1033,11779,12812,0.080627537,FALSE,FALSE,20379.343,2209.648,6709.92719,75.138,9.922277069,7.700588506,8.811343379,4.319326423,5.990576923,1.790187722,16.34655128,8.279574051,3.204772079,18108.04
4632323,2015,13029431.45,6301.972484,4875.359328,2.35807529,13035733.42,578,12293,,109,,,,,,,,162,849,12293,13142,0.064602039,FALSE,FALSE,24527.813,5933.36,4988.30113,-1271.258,10.10756298,8.688345942,8.514850676,,7.695,2.040570767,16.38272131,8.491949089,4.163929056,22988.996
4632323,2016,14222035.73,19494.44871,4876.597477,6.684456514,14241530.18,266,13028,,113,,,,,,,,160,539,13028,13567,0.039728754,FALSE,FALSE,26798.843,6275.644,4193.70449,108.505,10.19611399,8.744431388,8.341339749,4.686796255,5.407169811,1.687725816,16.47030313,8.492203017,2.848418429,24536.519
4632323,2017,13102544.04,11313.15838,4248.542325,3.66832823,13113857.2,69,12273,,173,,,,,,,,190,432,12273,12705,0.034002361,FALSE,FALSE,29810.553,7720.091,5076.58965,284.636,10.30261774,8.951581431,8.532394986,5.651211171,5.86,1.768149604,16.38831697,8.354331221,3.126353021,28312.994
4632323,2018,16704959.04,6769.871282,4762.849514,1.930197977,16711728.91,178,15959,,159,,,,,,,,130,467,15959,16426,0.028430537,FALSE,FALSE,31586.427,7973.713,4370.28152,102.622,10.36048278,8.983905535,8.382582707,4.631052335,16.07634615,2.777349008,16.63121618,8.468601406,7.713667515,29965.625
4632323,2019,19299763.53,7529.426,4689.896,1.83,19307292.96,204,16694,,130,,,,,,,,185,519,16694,17213,0.03015163,FALSE,FALSE,33975.984,7803.113,3494.01801,-468.332,10.4334092,8.962278036,8.158807645,,24.89442308,3.214643806,16.7756034,8.453165686,10.3339348,32843.854
4632323,2020,17187024.74,6613.674,3686.539,1.419,17193638.41,255,15518,,130,,,,,,,,183,568,15518,16086,0.035310208,FALSE,FALSE,32800.253,6607.756,2884.82725,-2205.995,10.39819151,8.79599939,7.967220298,,24.72403846,3.207775987,16.65966528,8.212443357,10.28982679,29889.863
4072853,2004,76501487.25,228615.6751,1760.248237,5.260294321,76730102.93,,,,,,,,,,,,,,,,,TRUE,TRUE,86751,20291,44082.07508,-189,11.37079723,9.917932717,10.69380852,,,,18.15282074,7.473210122,,65378
4072853,2005,69687968.78,59269.5269,1734.597755,1.475273136,69747238.31,200,38301,5012,27783,,,38884.04,,14237.96,3.95,,1265.05,34264,91423,125687,0.272613715,TRUE,TRUE,74651,10967,40807.01993,621,11.2205792,9.302646043,10.6166094,6.431331082,21.43648649,3.065094446,18.05953825,7.458530824,9.394803965,50502
4072853,2006,65785041.63,56647.24344,1295.379511,1.115446257,65841688.87,156.39,37355.04,5195,30486,,,32744.71,10692,13552.86,4.26,,1239.74,47773.39,83652.61,131426,0.363500297,TRUE,TRUE,82139,12194,48264.47242,396,11.31616821,9.408699306,10.78445101,5.981414211,17.38942308,2.855862152,18.00190304,7.16655899,8.155948634,54500
4072853,2007,63237934.37,63225.52717,991.8740897,0.991679485,63301159.9,13.87,40661.72,5233,27983,,,32902.79,4052,7030.62,5,,728,38014.87,80595.13,118610,0.320503077,TRUE,TRUE,,52155,50296.59506,696,,10.86197533,10.82569266,6.54534966,1.519423077,0.418330708,17.96241491,6.899596174,0.175000581,130851
4072853,2008,111022894.5,96802.8402,1302.86195,1.135988552,111119697.3,239.13,111100,5240,64300,,,33420.27,32900,1340.6,,,4600,107279.13,145860.87,253140,0.423793671,TRUE,TRUE,111370,51045,27978.08266,480,11.62061327,10.84046288,10.23917672,6.173786104,22.38673077,3.108468407,18.52524699,7.172318624,9.662575837,133207
4072853,2009,122265382.4,86607.3894,1330.791061,0.94267353,122351989.8,,,,,,,,,,,,,,,,,TRUE,TRUE,130281,56643,38060.09068,828,11.77744894,10.94452369,10.54692152,6.719013154,13.37038462,2.593042158,18.62170451,7.193528827,6.723867634,162331
4072853,2010,116404744.1,244996,1222.732263,2.573473409,116649740.1,,,,,,,,,,,,,,,,,TRUE,TRUE,161419,53163,35168.55815,941,11.99175875,10.88111794,10.46790773,6.84694314,14.42566038,2.669008592,18.57258385,7.108843193,7.123606862,168562
4072853,2011,123540191.5,331641,1117.1798,2.999045262,123871832.5,,,,,,,,,,,,,,,,,TRUE,TRUE,166648,49369,29564.15691,621,12.02363908,10.80707798,10.29431799,6.431331082,13.17788462,2.578540017,18.6320771,7.018562753,6.648868619,169891
4072853,2012,127801266.7,1140337,1172.08738,10.4582266,128941603.7,,77030.06,5492,68675,,,50554.99,72201.04,11829.9,,,9138,155506.04,139414.95,294920.99,0.52728034,TRUE,TRUE,173382,56712,29507.73676,-2546,12.06325253,10.94574111,10.29240777,,7.510384615,2.016286678,18.66598701,7.066541524,4.065411969,172097
4072853,2013,115543335.2,824540,1126.492486,8.038872276,116367875.2,546,82388,5581,74344,,,40766,40591,29312,304,,12314,133680,152466,286146,0.4671741,TRUE,TRUE,171347,51288,29846.25764,900,12.05144602,10.84521209,10.30381474,6.802394763,4.551538462,1.515465299,18.56515621,7.02686409,2.296635073,163865
4072853,2014,115507001.6,635830,1187.542828,6.537052695,116142831.6,166,81991,5954,74315,,,63152.99,39182,3896,390,,14054,134061,149039.99,283100.99,0.473544794,TRUE,TRUE,163742,49230,34754.81041,-1430,12.0060473,10.80425847,10.45607327,,5.990576923,1.790187722,18.56484171,7.079641601,3.204772079,166634
4072853,2015,121438027.8,653912,1498.578347,8.06945223,122091939.8,241,85677,6205,65939,,,66134.27,39837,3089.7,685,,16204,129111,154900.97,284011.97,0.454597037,TRUE,TRUE,166016,45347,36597.86854,107,12.01983945,10.7220993,10.50774528,4.672828834,7.695,2.040570767,18.61491463,7.312272169,4.163929056,161179
4072853,2016,106694736.4,439000,1405.912943,5.784688194,107133736.4,226,72342,6194,60031,,,67442.17,33444,2609.8,1229,,18294,119418,142393.97,261811.97,0.456121238,TRUE,TRUE,173092,42044,42578.05561,-187,12.06157852,10.64647197,10.65909427,,5.407169811,1.687725816,18.48548238,7.248442152,2.848418429,155596
4072853,2017,108787170.4,382790,1246.807191,4.387147151,109169960.4,108,70497,5820,55363,,,68880.05,26448,2355.95,2577,,17827,108143,141733,249876,0.432786662,TRUE,TRUE,173745,43004,52155.06812,1158,12.06534399,10.66904841,10.86197664,7.054449658,5.86,1.768149604,18.50490397,7.128341315,3.126353021,155641
4072853,2018,95801488.22,1089612.375,1109.943612,12.6241076,96891100.6,108,64366,5881,65893,,,61063.99,24067,1902.01,4897,,22161,123007,127332,250339,0.491361714,TRUE,TRUE,178315,49013,51280.73365,1773,12.09130693,10.79984085,10.8450704,7.480428306,16.07634615,2.777349008,18.37778878,7.012064493,7.713667515,165424
4072853,2019,69981891.32,5365386,808.0132078,61.94892238,75347277.32,21,37591,6149,62580,,,57241,26279,8626,3974,,26668,125671,103458,229129,0.548472694,TRUE,TRUE,184301,53270,71884.1394,1361,12.12432557,10.8831286,11.18281093,7.215975003,24.89442308,3.214643806,18.06374707,6.694578405,10.3339348,171426
4072853,2020,45254999,4990685,620.349,68.412,50245684,1,13155,6167,62437,,,55258,25839,7496,5763,,30992,131199,75909,207108,0.633481082,TRUE,TRUE,184654,48640,84112.38773,-311,12.12623908,10.79220152,11.33990913,,24.72403846,3.207775987,17.6278237,6.430282223,10.28982679,163453
4072853,2021,51570264.63,4303184,518.508,43.266,55873448.63,40,13858,6086,57001,,,67016,25504,7411,7899,,37791,134321,88285,222606,0.603402424,TRUE,TRUE,193322,52837,71599.97794,727,12.17211247,10.87496698,11.17885004,6.588926478,,,17.7584558,6.250955457,,206940
5001099,2013,3432581.053,1513.251291,925.8896642,0.408177901,3434094.304,692,3088,,1037,,,,,,,,151,1880,3088,4968,0.3784219,FALSE,FALSE,16486.221,4931.001,6596.08913,168.567,9.71028022,8.503297289,8.794232196,5.127333297,4.551538462,1.515465299,15.04882303,6.830755074,2.296635073,17084.556
5001099,2014,3518689.319,1550.136986,1048.394429,0.461863732,3520239.456,663,3262,,871,,,,,,,,308,1842,3262,5104,0.360893417,FALSE,FALSE,17815,5530,9535.96564,173.587,9.787796078,8.617943095,9.162825786,5.156678915,5.990576923,1.790187722,15.07359913,6.955015158,3.204772079,18118
5001099,2015,2573671.415,1488.182524,751.6797396,0.434646259,2575159.598,633,2357,,724,,,,,,4,,419,1780,2357,4137,0.430263476,FALSE,FALSE,19214,5599,5233.80832,136,9.863394459,8.630343289,8.56289446,4.912654886,7.695,2.040570767,14.760844,6.622310355,4.163929056,18456
5001099,2016,2834967.58,1149.682962,1098.397801,0.445440451,2836117.263,39,2694,,837,,,,,,5,,371,1252,2694,3946,0.317283325,FALSE,FALSE,20567,5725,3768.01074,80,9.931443129,8.652597828,8.234302486,4.382026635,5.407169811,1.687725816,14.85754106,7.001607852,2.848418429,18731
5001099,2017,2844900.958,1342.637827,1021.163721,0.481933487,2846243.596,40.33,2461.14,,1029.85,,,,,,5.73,,461.78,1537.69,2461.14,3998.83,0.384534976,FALSE,FALSE,21490,7318,5271.07436,221,9.97534299,8.898092346,8.569989484,5.398162702,5.86,1.768149604,14.86103881,6.928698159,3.126353021,21056
5001099,2018,2830233.442,1236355,989.2843998,432.1575372,4066588.442,15.15,2427.14,,804.51,,,,,,5.33,,376.02,1201.01,2427.14,3628.15,0.331025454,FALSE,FALSE,23067,6908,3689.33799,61,10.0461583,8.840435439,8.213202314,4.110873864,16.07634615,2.777349008,14.85586975,6.896981853,7.713667515,21599
5001099,2019,2307331.807,1112812,771.565066,372.1211062,3420143.807,188,1943.59,,740.38,,,,,,5.08,,438.47,1371.93,1943.59,3315.52,0.413790295,FALSE,FALSE,24738,4373,2931.59517,-1331,10.1160958,8.383204551,7.98330198,,24.89442308,3.214643806,14.65160235,6.648421005,10.3339348,20967
5001099,2020,1869167.461,1086205.948,583.184,338.898,2955373.409,179.96,1513.05,,788.3,,,,,,4.9,,474.44,1447.6,1513.05,2960.65,0.488946684,FALSE,FALSE,26218,4210,3262.84886,235,10.17420148,8.345217927,8.090355976,5.459585514,24.72403846,3.207775987,14.44100368,6.368502745,10.28982679,19668
5001099,2021,2708029.489,972451.69,746.156,267.944,3680481.179,76.13,2386.21,,935.07,,,,,,4.87,,453.47,1469.54,2386.21,3855.75,0.381129482,FALSE,FALSE,28005,3810,3167.61342,-8,10.24013834,8.245384468,8.060733719,,,,14.8117318,6.614934694,,21238
5001154,2004,6622240.775,5346.724131,5016.352149,4.050147374,6627587.499,,,,,,,,,,,,,,,,,TRUE,FALSE,4038.1602,991.1,1839.66548,62.3,8.303544471,6.898815437,7.51733903,4.131961426,,,15.70594436,8.520458285,,3944.2
5001154,2005,2331026.907,6801.315669,1701.926716,4.965768865,2337828.223,,,,,,,,,,,,,,,,,TRUE,FALSE,4334.8038,1058.2,2804.46781,82.2,8.374431629,6.96432463,7.938969071,4.409155302,21.43648649,3.065094446,14.66181946,7.439516251,9.394803965,4941.8
5001154,2006,2445984.349,8352.244697,913.3077742,3.118650378,2454336.594,,,,,,,,,,,,,,,,,TRUE,FALSE,4779.8385,1438.8,3636.40542,73.4,8.472162038,7.271564712,8.198750951,4.295923936,17.38942308,2.855862152,14.7099582,6.817072926,8.155948634,6084.6
5001154,2013,1795168.774,124017.5838,497.0378015,34.3373994,1919186.358,116.29,370.68,,915.41,,,1013.32,,,8.95,,596.36,1637.01,1384,3021.01,0.541875068,TRUE,FALSE,7512.2,1703,2053.6313,44,8.924283645,7.440146681,7.627364871,3.784189634,4.551538462,1.515465299,14.4006096,6.208666083,2.296635073,7276.7
5001154,2014,2345388.608,167674,875.5965103,62.59720405,2513062.608,106.26,832.95,,833.75,,,1353.05,,,13.62,,580.36,1533.99,2186,3719.99,0.412364012,TRUE,FALSE,7910.6,1670.5,1779.3841,73.1,8.975958911,7.420878262,7.484022572,4.291828367,5.990576923,1.790187722,14.66796166,6.77490538,3.204772079,6670.9
5001154,2015,2496737.446,351610,1020.685172,143.7408303,2848347.446,122.33,1119.86,,959.82,,,1582.14,,,15.68,,784.17,1882,2702,4584,0.410558464,TRUE,FALSE,8154.9,1527.3,1867.11087,78.8,9.006374253,7.33125675,7.532147526,4.366912997,7.695,2.040570767,14.73049542,6.928229418,4.163929056,6481.9
5001154,2016,3173057.256,323052,1396.140412,142.1423932,3496109.256,113.66,1556.28,,891.76,,,2198.72,,,14.7,,781.02,1801.14,3755,5556.14,0.324171097,TRUE,FALSE,8367.5,1273.6,1992.72334,95.3,9.032110433,7.149602815,7.597257495,4.557029811,5.407169811,1.687725816,14.97020612,7.24146686,2.848418429,6599.5
5001154,2017,2921250.221,297586.956,1195.49,121.784,3218837.177,156.68,1770.55,,1089.63,,,2501.45,,,17.8,,957.88,2221.99,4272,6493.99,0.342160983,TRUE,FALSE,8504.9,1088.9,2971.39005,112.2,9.048397747,6.992923291,7.996785153,4.720282993,5.86,1.768149604,14.88752224,7.086311422,3.126353021,6627.5
5001154,2018,2622552.562,254518,1063.646289,103.2265778,2877070.562,155.93,1461.37,,1084.41,,,2064.63,,,17.72,,1126.94,2385,3526,5911,0.403485028,TRUE,FALSE,8778.9,1000.8,2239.17179,59.1,9.080106394,6.908554959,7.71386134,4.079230924,16.07634615,2.777349008,14.77965866,6.969458179,7.713667515,7522
5001154,2019,2871488.399,1153753,1154.736851,463.9688275,4025241.399,132.35,1291.2,,1041.84,,,2120.48,,,20.36,,1245.45,2440,3411.68,5851.68,0.416974271,TRUE,FALSE,9095.8,970.6,3080.57823,82.9,9.115568048,6.877914437,8.032872595,4.417635062,24.89442308,3.214643806,14.87034106,7.051627762,10.3339348,7965.6
5001154,2020,1441727.544,1089202,604.589,456.757,2530929.544,128.81,650.53,,1013.95,,,1068.34,,,23.12,,1212.12,2378,1718.87,4096.87,0.580443119,TRUE,FALSE,9451.4,1130,3185.10195,93.5,9.153918158,7.029972912,8.066239577,4.537961436,24.72403846,3.207775987,14.18135264,6.404548888,10.28982679,9592.4
4306247,2004,12294448.01,365699.5793,775.4303383,23.06525256,12660147.59,,,,,,,,,,,,,,,,,FALSE,TRUE,18018,4578,11574.45306,335,9.799126537,8.429017501,9.356555626,5.814130532,,,16.32465834,6.65341815,,17567
4306247,2005,6464344.996,2258.358802,1439.508891,0.502901311,6466603.355,,,,,,,,,,,,,,,,,FALSE,TRUE,15162,3137,13828.01864,320,9.626547577,8.051022208,9.534452149,5.768320996,21.43648649,3.065094446,15.68181225,7.272057286,9.394803965,15130
4306247,2006,11074225.7,181596.04,1869.133876,30.65020701,11255821.74,,,,,,,,,,,,,,,,,FALSE,TRUE,17010,4091,19007.59784,338,9.741556685,8.316544718,9.852594065,5.823045895,17.38942308,2.855862152,16.22013096,7.533230435,8.155948634,16839
4306247,2007,10579221.67,2911.906429,1615.570121,0.44468196,10582133.58,,,,,,,,,,,,,,,,,FALSE,TRUE,17034,4307,27486.18411,368,9.742966626,8.367996885,10.22143876,5.908082938,1.519423077,0.418330708,16.17440242,7.387443189,0.175000581,17674
4306247,2008,17970505.06,308840.02,2289.352968,39.34468253,18279345.08,,,,,,,,,,,,,,,,,FALSE,TRUE,17122,6563,13518.72796,563,9.748119465,8.789203094,9.511831259,6.333279628,22.38673077,3.108468407,16.70424236,7.73602451,9.662575837,20278
4306247,2009,22126798.81,183000.01,2837.543946,23.4679483,22309798.82,,,,,,,,,,,,,,,,,FALSE,TRUE,18368,6063,16852.32284,406,9.818365299,8.709960006,9.73224378,6.00635316,13.37038462,2.593042158,16.91230005,7.950694149,6.723867634,19841
4306247,2010,25610999.99,104279,3074.051624,12.51645892,25715278.99,,,,,,,,,,,,,,,,,FALSE,TRUE,20476,6549,20014.90952,231,9.927008748,8.787067645,9.904232751,5.442417711,14.42566038,2.669008592,17.0585325,8.030751718,7.123606862,21964
4306247,2011,23745900.02,206000,2771.379489,24.04222094,23951900.02,,,,,,,,,,,,,,,,,FALSE,TRUE,21612,6985,14649.17257,421,9.981003995,8.851520272,9.592139133,6.042632834,13.17788462,2.578540017,16.98292044,7.927100486,6.648868619,22998
4306247,2012,20976500.05,146645.0036,2473.755599,17.29382394,21123145.05,1462,3655,,24854,,,19737,23392,,,,,49708,23392,73100,0.68,FALSE,TRUE,22434,7841,12570.39369,606,10.01833294,8.967121656,9.439099621,6.406879986,7.510384615,2.016286678,16.85891332,7.81349276,4.065411969,24561
4306247,2013,21699997.94,314000,2698.985983,39.05445526,22013997.94,9400,10300,,17900,,,46100,23700,200,800,,,51800,56600,108400,0.477859779,FALSE,TRUE,17662,7079,14773.54396,458,9.779170718,8.864887934,9.60059329,6.126869184,4.551538462,1.515465299,16.89282272,7.90063142,2.296635073,23348
4306247,2014,20484403.45,136000,3251.175867,21.58519865,20620403.45,3600,8700,,22300,,,49200,23800,100,200,,,49900,58000,107900,0.462465246,FALSE,TRUE,15783,6073,15963.9558,571,9.66668869,8.711607996,9.678088697,6.34738921,5.990576923,1.790187722,16.83517435,8.086772015,3.204772079,21375
4306247,2015,19334000,85399.00116,5040.46545,22.26392442,19419399,3500,7900,,25000,,,48300,22700,100,300,,,51500,56300,107800,0.477736549,FALSE,TRUE,11754,5118,12366.06927,14,9.371948887,8.540519017,9.422711652,2.63905733,7.695,2.040570767,16.77737576,8.525253708,4.163929056,22767
4306247,2016,18755700,95450.99838,4667.919646,23.75584972,18851151,4184.69,7500,,20700,,,44000,24100,,0.83,,114.48,49100,51500,100600,0.488071571,FALSE,TRUE,13668,4589,12943.50785,144,9.522812613,8.431417414,9.468349617,4.9698133,5.407169811,1.687725816,16.74700826,8.448468779,2.848418429,21964
4306247,2017,18489299.99,112602.962,3406.596,20.747,18601902.95,2700,7400,,20700,,,43900,23000,,300,,200,46900,51300,98200,0.477596741,FALSE,TRUE,14996,4207,14658.05624,244,9.615538778,8.344505084,9.592745377,5.497168225,5.86,1.768149604,16.73270274,8.133468831,3.126353021,21753
4306247,2018,20209810.02,94013.318,3266.736,15.196,20303823.34,6500,6900,,19100,,,47600,22800,,122.27,,677.73,49200,54500,103700,0.474445516,FALSE,TRUE,14591,5051,16966.42428,192,9.588160179,8.527341522,9.738991628,5.257495372,16.07634615,2.777349008,16.82167869,8.0915466,7.713667515,22409
4306247,2019,19270399.98,134102.93,3160.212,21.992,19404502.91,6800,7000,,20300,,,43900,23500,,416.49,,283.51,51300,50900,102200,0.501956947,FALSE,TRUE,15348,6103,19542.47823,356,9.638740451,8.716535733,9.880345746,5.874930731,24.89442308,3.214643806,16.7740808,8.058394393,10.3339348,23364
4306247,2020,49043500,632115.98,963.389,12.417,49675615.98,7904.85,41419.65,,40477.71,,,114625.14,32905.98,,2095.67,,3852.09,87236.3,156044.79,243281.09,0.35858233,FALSE,TRUE,47122,8009,17499.40096,380,10.76049526,8.988321188,9.769921928,5.940171253,24.72403846,3.207775987,17.70821822,6.870457276,10.28982679,57810
4306247,2021,69082100,650700,519.723,4.895,69732800,6903.15,54521.32,,45533.85,,,151963.71,40030.27,,4461.83,,2403.92,99333.02,206485.03,305818.05,0.324810847,FALSE,TRUE,47941,7792,23975.06761,842,10.77772637,8.960852845,10.08476972,6.735780014,,,18.05080621,6.253295977,,149661
4102079,2004,17741380.44,46484.28052,1270.826495,3.329698918,17787864.72,,,,,,,,,,,,,,,,,TRUE,TRUE,31221.05,8494.636,16348.08701,321.928,10.34884783,9.047190184,9.701866167,5.774327918,,,16.69141035,7.147422751,,26188.839
4102079,2005,21071644.08,50933.79315,1520.242416,3.674687768,21122577.87,,,,,,,,,,,,,,,,,TRUE,TRUE,33818.314,11513.036,20185.95663,398.049,10.42875777,9.351235238,9.912742425,5.986575113,21.43648649,3.065094446,16.86343881,7.326625085,9.394803965,30478.66
4102079,2006,22418513.75,121458.58,1542.861339,8.358883624,22539972.33,,,,,,,,,,,,,,,,,TRUE,TRUE,35928,12580.384,28954.47806,423.856,10.48927221,9.439894054,10.27348015,6.049393775,17.38942308,2.855862152,16.92539768,7.341393984,8.155948634,33060.843
4102079,2007,37845908.12,100453.7677,1481.933846,3.933472487,37946361.89,,,,,,,,,,,,,,,,,TRUE,TRUE,54203.445,17293.608,50361.12443,740.736,10.90049975,9.758092232,10.82697482,6.607644287,1.519423077,0.418330708,17.44903342,7.301103167,0.175000581,67532.361
4102079,2008,40868825.84,185104.817,1164.620464,5.27484833,41053930.66,,,,,,,,,,,,,,,,,TRUE,TRUE,66177.459,24336.956,31723.82338,379.306,11.10009519,10.0997513,10.3648232,5.938343267,22.38673077,3.108468407,17.52587813,7.060150531,9.662575837,85837.029
4102079,2009,40314484.66,86760.02,1144.129677,2.462259273,40401244.68,,,,,,,,,,,,,,,,,TRUE,TRUE,69705.47,27289.002,33422.09335,795.335,11.15203407,10.21423904,10.41697244,6.67876341,13.37038462,2.593042158,17.51222138,7.04239952,6.723867634,87010.994
4102079,2010,39716129.9,68769.98,986.2783185,1.707778185,39784899.88,,,,,,,,,,,,,,,,,TRUE,TRUE,76165.245,26397.55,30584.86322,801.324,11.24066054,10.18102648,10.3282605,6.68626536,14.42566038,2.669008592,17.49726796,6.893938585,7.123606862,93700.952
4102079,2011,36376852.65,5188706,826.4886008,117.8883287,41565558.65,,,,,,,,,,,,,,,,,TRUE,TRUE,,30191.974,27317.63416,661.645,,10.31533141,10.21528771,6.494729158,13.17788462,2.578540017,17.40944321,6.717186125,6.648868619,97016.529
4102079,2012,35776205.07,7189301,814.3841087,163.6521391,42965506.07,,15610,,12590.39,,,49081,26026,,240.1,,30848.51,69705,64691,134396,0.518653829,TRUE,TRUE,83591.475,28428.485,25595.5465,420.593,11.33369682,10.25514691,10.15017365,6.04166562,7.510384615,2.016286678,17.39279357,6.702432133,4.065411969,96816.375
4102079,2013,32101945.52,997121,737.0203272,22.8926451,33099066.52,,12590,,17937.23,,,49285,22889,,728.14,,32918.63,74473,61875,136348,0.546197964,TRUE,TRUE,80960.686,24138.875,28889.08459,322.818,11.30171896,10.09157889,10.27121911,5.777088697,4.551538462,1.515465299,17.28442719,6.602615473,2.296635073,89786.879
4102079,2014,30484923.48,1059360,765.2576868,26.59292826,31544283.48,,12102,,21337.87,,,47861,24431,,243.13,,32917,78929,59963,138892,0.568276071,TRUE,TRUE,88052.418,22930.226,35368.81866,567.515,11.38568758,10.04021123,10.47358588,6.341267181,5.990576923,1.790187722,17.23274281,6.640212623,3.204772079,93742.388
4102079,2015,31957747.74,970944,917.2495113,27.86798109,32928691.74,,11521,,16562.93,,,53457,23142,,245.21,,31865.86,71816,64978,136794,0.524993786,TRUE,TRUE,99010.499,24567.364,41062.21395,523.333,11.50298117,10.10917417,10.62284361,6.260217973,7.695,2.040570767,17.27992521,6.82137953,4.163929056,104664.182
4102079,2016,25725610.74,788971,796.0044965,24.41242192,26514581.74,,3803,,21230.02,,,55121,24381,,240.44,,32572.54,78424,58924,137348,0.570987564,TRUE,TRUE,101863.367,26446.635,38980.61978,584.9,11.53138766,10.18288421,10.57081987,6.371440892,5.407169811,1.687725816,17.06299758,6.679604835,2.848418429,106706.22
4102079,2017,26931548.06,3415197,717.4121437,90.97523083,30346745.06,,2642,,15714,,,60997,23249,,333,,34699,73995,63639,137634,0.537621518,TRUE,TRUE,101129.691,29633.056,40291.70396,898.2,11.52415904,10.29664577,10.60390087,6.800392761,5.86,1.768149604,17.10880895,6.575650492,3.126353021,110688.559
4102079,2018,24568865.01,2544044,593.5052875,61.45597549,27112909.01,,1637,,23086,,,58670,23536,,421,,38247,85290,60307,145597,0.585795037,TRUE,TRUE,104717.536,30940.279,44367.2265,680.4,11.55902187,10.33981414,10.70025633,6.522680861,16.07634615,2.777349008,17.01699055,6.386046123,7.713667515,113037.923
4102079,2019,13427104.76,2081745,329.164,51.034,15508849.76,,349,,18559,,,30870,23737,,1088,,39427,82811,31219,114030,0.72622117,TRUE,TRUE,114781,30443,58397.06023,916.6,11.65078124,10.32361136,10.97502083,6.820671172,24.89442308,3.214643806,16.41278597,5.796556107,10.3339348,122369
4102079,2020,13016595.22,1890456,344.568,50.043,14907051.22,,237,,22716,,,31063,24316,,1568,,43563,92163,31300,123463,0.746482752,TRUE,TRUE,117263,30382,71684.39647,804.6,11.67217455,10.32160561,11.18002838,6.69034526,24.72403846,3.207775987,16.38173566,5.842291458,10.28982679,122518
5001189,2009,52376363.76,3234.568976,6931.647957,0.428072738,52379598.33,,,,,,,,,,,,,,,,,FALSE,FALSE,51442.549,4056.27,36029.12425,848.813,10.84822091,8.308019111,10.4920829,6.743838903,13.37038462,2.593042158,17.77396597,8.843852864,6.723867634,54447.798
5001189,2010,51346978.62,2838.593175,7570.083748,0.418493719,51349817.21,,,,,,,,,,,,,,,,,FALSE,FALSE,55968.305,1804.429,43360.28463,743.641,10.93254083,7.497999477,10.6772992,6.611558391,14.42566038,2.669008592,17.75411665,8.93195941,7.123606862,53879.991
5001189,2011,55246721.49,3786.19451,5826.279456,0.399289346,55250507.68,,,,,,,,,,,,,,,,,FALSE,FALSE,59416.023,1335.575,38704.04916,1820.29,10.99231922,7.19711719,10.5636995,7.506751108,13.17788462,2.578540017,17.82731956,8.670133903,6.648868619,58762.631
5001189,2012,54991355.07,3681.378579,5860.594311,0.392335601,54995036.45,440,53290,,450,,,2740,,,,,130,1020,56030,57050,0.017879053,FALSE,FALSE,64180.706,1082.987,34048.3447,-340.407,11.06945791,6.987478243,10.4355367,,7.510384615,2.016286678,17.82268655,8.676006296,4.065411969,56703.604
5001189,2013,57931834.67,3685.731206,6074.178805,0.386450567,57935520.4,440,54040,,1020,,,1110,,,,,430,1890,55150,57040,0.033134642,FALSE,FALSE,70220,1992,30439.7063,644,11.15938845,7.596894438,10.32350316,6.467698726,4.551538462,1.515465299,17.87477761,8.711802083,2.296635073,61252
5001189,2014,59776303.54,4033.837026,6714.826589,0.453131333,59780337.38,430,51670,,940,,,1160,,,,,640,2010,52830,54840,0.036652079,FALSE,FALSE,76271,4771,35319.78206,439,11.24204807,8.470311206,10.47219848,6.084499413,5.990576923,1.790187722,17.90611988,8.812073284,3.204772079,66205
5001189,2015,59299721.83,4345.84172,7837.121623,0.5743516,59304067.67,460,51320,,930,,,2050,,,,,820,2210,53370,55580,0.039762504,FALSE,FALSE,84926,5172,23914.241,994,11.34953557,8.55101474,10.08222942,6.901737207,7.695,2.040570767,17.89811517,8.966626906,4.163929056,61296
5001189,2016,56925550.78,4836.096331,7643.863509,0.649382567,56930386.88,430,48950,,880,,,2330,,,,,1080,2390,51280,53670,0.044531396,FALSE,FALSE,91880,9633,19539.00066,1366,11.42823866,9.172949983,9.880167781,7.21964204,5.407169811,1.687725816,17.85725485,8.941658449,2.848418429,67474
5001189,2017,58735144.99,5081.065807,9614.079034,0.831695712,58740226.06,200,51530,,910,,,2870,,,,,1280,2390,54400,56790,0.042084874,FALSE,FALSE,102403,8420,22530.61799,-360,11.53667129,9.038365107,10.02263046,,5.86,1.768149604,17.88854883,9.170983869,3.126353021,72183
5001189,2018,62896015.21,4586.10411,8758.819024,0.638655021,62900601.31,170,59800,,760,,,4120,,,,,1060,1990,63920,65910,0.030192687,FALSE,FALSE,108898,6360,18697.60829,-199,11.59816694,8.757783656,9.836150896,,16.07634615,2.777349008,17.95699337,9.07781636,7.713667515,75905
5001189,2019,61702030.38,5288.291,6294.585,0.539,61707318.67,360,51180,,1020,,,4490,,,,,1270,2650,55670,58320,0.045438957,FALSE,FALSE,118406,9985,14883.2962,-6134,11.68187468,9.208839246,9.607994803,,24.89442308,3.214643806,17.9378274,8.747445019,10.3339348,77650
5001189,2020,60634167.96,5859.027,5165.386,0.499,60640026.99,390,50030,,1170,,,5050,,,,,1490,3050,55080,58130,0.052468605,FALSE,FALSE,124321,9140,12153.44539,525,11.73062221,9.120415664,9.40536798,6.263398263,24.72403846,3.207775987,17.92036912,8.549735113,10.28982679,81594
5001189,2021,70199885,2183836,5141.371,159.942,72383721,410,61550,,1140,,,4220,,,,,1450,3000,65770,68770,0.043623673,FALSE,FALSE,127279,7790,15074.0118,721,11.75413681,8.960596139,9.620727467,6.580639137,,,18.06685723,8.545075054,,89274
4157528,2004,64407241.12,3075.686052,11571.68033,0.552590907,64410316.81,,,,,,,,,,,,,,,,,TRUE,TRUE,,3107.427,4779.2,36.846,,8.041550332,8.472028447,3.606747065,,,17.98073662,9.356316041,,11207.715
4157528,2005,53376377.46,43330.83615,10545.7734,8.561037688,53419708.3,,,,,,,,,,,,,,,,,TRUE,TRUE,11958.957,3197.083,4282.72,-25.076,9.389235816,8.069994111,8.362343601,,21.43648649,3.065094446,17.79287884,9.263480433,9.394803965,12662.649
4157528,2006,51008422.73,45236.45354,8080.145408,7.165818953,51053659.18,,,,,,,,,,,,,,,,,TRUE,TRUE,12604.938,2695.987,4454.4,-49.066,9.441843921,7.89951965,8.401647651,,17.38942308,2.855862152,17.74750133,8.997165147,8.155948634,12849.27
4157528,2007,53468047.58,41118.81616,7106.039944,5.46479558,53509166.4,,,,,,,,,,,,,,,,,TRUE,TRUE,13432.104,2769.775,8352,162.107,9.505402941,7.926521368,9.03025631,5.088256611,1.519423077,0.418330708,17.79459479,8.868700398,0.175000581,13440.405
4157528,2008,53283766.6,35313.87522,6569.53181,4.35396447,53319080.48,,,,,,,,,,,,,,,,,TRUE,TRUE,14422.223,2821.696,2677.28,-61.249,9.57652556,7.945093402,7.892556633,,22.38673077,3.108468407,17.79114228,8.790197847,9.662575837,13954.223
4157528,2009,50313387.48,44657.51859,5815.17814,5.161477669,50358045,,,,,,,,,,,,,,,,,TRUE,TRUE,13525.182,2857.751,3016,-48.467,9.51230856,7.957790231,8.011686729,,13.37038462,2.593042158,17.73378175,8.668226699,6.723867634,15784.164
4157528,2010,47030838.16,40827.22033,6094.302554,5.290431616,47071665.38,,,,,,,,,,,,,,,,,TRUE,TRUE,14466.673,3885.625,2491.68,37.713,9.579602869,8.265039125,7.820712461,3.630004863,14.42566038,2.669008592,17.66631408,8.715109606,7.123606862,16200.399
4157528,2011,47421311.98,38733.86172,6455.728697,5.273057455,47460045.84,,,,,,,,,,,,,,,,,TRUE,TRUE,15532.977,3565.542,881.6,-239.785,9.650720591,8.179071355,6.781738438,,13.17788462,2.578540017,17.67458231,8.772723186,6.648868619,16644.804
4157528,2012,47835183.06,32986.90213,6221.849985,4.29055652,47868169.96,,,,,,,,,,,,,,,,,TRUE,TRUE,15452.675,3302.887,1366.48,-80.928,9.645537406,8.102552213,7.219993369,,7.510384615,2.016286678,17.68327197,8.735822567,4.065411969,16059.112
4157528,2013,41783860.6,29315.5164,5266.4234,3.69491759,41813176.12,,,,,,,,,,,,,,,,,TRUE,TRUE,16176.148,3008.893,2505.6,-231.949,9.691293091,8.009327516,7.826283506,,4.551538462,1.515465299,17.54802071,8.569106739,2.296635073,15812.716
4157528,2014,40009096.2,4226.188872,5143.98828,0.543363087,40013322.39,,22709,,3906,,,3940,,4521,4.2,,257.8,4168,31170,35338,0.117946686,TRUE,TRUE,14351.631,4851.491,1252.8,-30.504,9.571618873,8.487041359,7.133136325,,5.990576923,1.790187722,17.50461739,8.545583988,3.204772079,17373.361
4157528,2015,34953327.07,3688.627035,5495.428893,0.579932993,34957015.7,,19418,,5391,,,4424,,4573,4.53,,278.47,5674,28415,34089,0.166446654,TRUE,TRUE,15068.18,4491.174,900.16,-99.694,9.620340515,8.409869416,6.802572525,,7.695,2.040570767,17.36952422,8.611671915,4.163929056,17314.589
4157528,2016,28958046.01,3644.502552,4979.470657,0.62668916,28961690.51,,14898,,4967.43,,,5603,,4638,2.36,,146.2,5115.99,25139,30254.99,0.169095743,TRUE,TRUE,14153.373,3950.902,670.48,12.404,9.557708249,8.281699186,6.507993874,2.518019001,5.407169811,1.687725816,17.18135865,8.513078871,2.848418429,16832.371
4157528,2017,32315722.45,3599.249938,5915.103957,0.658810509,32319321.7,,16387,,3573.6,,,7656,,4827,2.23,,138.16,3713.99,28870,32583.99,0.113982051,TRUE,TRUE,14491.387,3738.854,452.4,9.4,9.581309752,8.226534426,6.114566744,2.240709689,5.86,1.768149604,17.29106443,8.685264351,3.126353021,15358.241
4157528,2018,30062226.78,4011.574179,5545.307029,0.7399788,30066238.35,,14907,,3456,,,6362,,4586,2.24,,,3458.24,25855,29313.24,0.117975359,TRUE,TRUE,14640.262,3190.506,300.208,-648.761,9.591530684,8.067934804,5.704475568,,16.07634615,2.777349008,17.21878002,8.620707269,7.713667515,14088.98
4157528,2019,23562346.41,4815.137306,4267.884906,0.872173402,23567161.55,,10418,,3458.49,,,7120,,4595,1.31,,162.2,3622,22133,25755,0.140632887,TRUE,TRUE,14916.036,3510.961,958.16,-1332.591,9.610192155,8.163645068,6.865014779,,24.89442308,3.214643806,16.9751605,8.358873645,10.3339348,13572.506
4157528,2020,15866573.48,3392.551,2994.19,0.64,15869966.03,,5722,,3011.13,,,8567,,3832,1.62,,186.25,3199,18121,21320,0.150046904,TRUE,TRUE,11809.081,3480.453,1723.76,6.641,9.376624091,8.154917737,7.45226323,1.893262555,24.72403846,3.207775987,16.57972516,8.004429023,10.28982679,13684.994
5001070,2004,307855.5913,2511.003599,231.3346995,1.886866048,310366.5949,,,,,,,,,,,,,,,,,FALSE,TRUE,4625.516,1632.65,2227.88227,33.104,8.439343211,7.397959741,7.708806759,3.499654121,,,12.63738609,5.443865577,,3477.13
5001070,2005,34679.18836,4659.41,34.17780003,4.592044704,39338.59836,,,,,,,,,,,,,,,,,FALSE,TRUE,6146.585,2537.524,3538.6632,35.263,8.723651922,7.838944081,8.171504308,3.562834256,21.43648649,3.065094446,10.45389503,3.531576311,9.394803965,4657.349
5001070,2006,58959.1477,1161446,47.07805816,927.3984525,1220405.148,,,,,,,,,,,,,,,,,FALSE,TRUE,,2502.226,4389.692,40.464,,7.824936015,8.387014344,3.70041269,17.38942308,2.855862152,10.98460007,3.851807036,8.155948634,4818.4
5001070,2007,78651,1262420,52.261,838.834,1341071,,,,,,,,,,,,,,,,,FALSE,TRUE,7178.235,2593.727,5777.93709,51.741,8.87880881,7.860851116,8.661801993,3.946250504,1.519423077,0.418330708,11.27277562,3.956250395,0.175000581,5315.024
5001070,2008,85764.4575,1340645,54.69358167,854.954126,1426409.458,,,,,,,,,,,,,,,,,FALSE,TRUE,7767.318,2812.845,4851.85237,69.937,8.95768021,7.941951706,8.487115843,4.247594837,22.38673077,3.108468407,11.35935995,4.001746366,9.662575837,5813.255
5001070,2009,54276.1,865740,31.52178458,502.7934908,920016.1,,,,,,,,,,,,,,,,,FALSE,TRUE,8356.288,2913.941,5222.6593,83.301,9.030769588,7.977261739,8.560761996,4.422460554,13.37038462,2.593042158,10.90183926,3.450678881,6.723867634,6201.633
5001070,2010,63282.9588,726497,34.22640465,392.9237945,789779.9588,,,,,,,,,,,,,,,,,FALSE,TRUE,10575.746,3690.117,4749.47035,107.367,9.266318545,8.213413444,8.465788386,4.676252872,14.42566038,2.669008592,11.05537136,3.532997412,7.123606862,8283.898
5001070,2011,68372.2192,804795,30.02619497,353.4320206,873167.2192,,,,,,,,,,,,,,,,,FALSE,TRUE,11641.094,3831.268,4460.87451,127.4,9.362296703,8.250951098,8.403100104,4.847331743,13.17788462,2.578540017,11.13272187,3.402070166,6.648868619,8765.477
5001070,2012,77360.3192,880011,34.31267124,390.3232102,957371.3192,,,,,,,,,,,,,,,,,FALSE,TRUE,12198.226,3964.331,5020.5715,154.346,9.40904581,8.285092393,8.521299051,5.039196835,7.510384615,2.016286678,11.25622926,3.53551471,4.065411969,9101.653
5001070,2013,83243.81633,735590.1875,35.66105572,315.1215768,818834.0038,,,,,,,,,,,,,,,,,FALSE,TRUE,12786.041,4613.481,6542.93072,139.698,9.456109308,8.436737949,8.786140466,4.93948295,4.551538462,1.515465299,11.32952913,3.574059217,2.296635073,9419.865
5001070,2014,91550.81906,771774.25,37.37439339,315.0664813,863325.0691,,,,,,,,,,,,,,,,,FALSE,TRUE,13714.657,5036.876,9900.14584,303.058,9.526220394,8.524541328,9.200304767,5.713924206,5.990576923,1.790187722,11.4246495,3.620985801,3.204772079,10557.971
5001070,2015,99774.8042,808347,46.40407985,375.9526168,908121.8042,,,,,,,,,,,,,,,,,FALSE,TRUE,14155.182,4826.889,10399.9736,157.239,9.557836055,8.48195744,9.249558547,5.057766941,7.695,2.040570767,11.51067097,3.837387383,4.163929056,10597.944
5001070,2016,31681.794,819502.6428,14.82156187,383.3845117,851184.4368,,,,,,,,,,,,,,,,,FALSE,TRUE,14530.71,5029.662,9672.51241,165.633,9.58401962,8.523108064,9.17704337,5.109774497,5.407169811,1.687725816,10.36349747,2.696083004,2.848418429,10550.35
5001070,2017,28971.8254,1000509.247,12.01651821,414.9768757,1029481.072,,,,,,,,,,,,,,,,,FALSE,TRUE,14998.578,4696.469,10093.39966,174.299,9.615710676,8.454566229,9.21963699,5.160772215,5.86,1.768149604,10.2740791,2.486282221,3.126353021,10917.883
5001070,2018,39453.866,1119900.689,17.156,486.988,1159354.555,,,,,,,,,,,,,,,,,FALSE,TRUE,15476.13,5033.111,10501.56368,183.857,9.647054116,8.523793561,9.259279447,5.214158282,16.07634615,2.777349008,10.58288732,2.842347967,7.713667515,11262.08
5001070,2019,23791.26604,283704,10.27997561,122.5857504,307495.266,,,,,,,,,,,,,,,,,FALSE,TRUE,16944.026,5322.232,9675.79338,185.522,9.737670602,8.579648043,9.177382518,5.223173473,24.89442308,3.214643806,10.07707382,2.330197887,10.3339348,12655.205
5001070,2020,25781.602,602705,11.07,258.791,628486.602,,,,,,,,,,,,,,,,,FALSE,TRUE,17290.084,6475.796,9037.04769,114.18,9.757888437,8.775826813,9.109087817,4.737776151,24.72403846,3.207775987,10.15741642,2.404238747,10.28982679,12844.089
5001070,2021,23699.849,648767,9.977,273.116,672466.849,,,,,,,,,,,,,,,,,FALSE,TRUE,17829.962,5897.843,10254.38503,129.816,9.78863558,8.68234197,9.235460701,4.866118063,,,10.07322396,2.300282444,,13984.478
5001246,2004,340295.6373,743.9426387,252.7671692,0.552590907,341039.5799,,,,,,,,,,,,,,,,,FALSE,TRUE,7953.3,2103.8,4220,45.5,8.981342216,7.651500512,8.347590407,3.817712326,,,12.73757004,5.532468785,,4988.9
5001246,2005,277806.2417,607.3302284,230.0381517,0.502901311,278413.5719,,,,,,,,,,,,,,,,,FALSE,TRUE,8477.8,2309.1,4170,63,9.045206261,7.744613117,8.335671315,4.143134726,21.43648649,3.065094446,12.53467918,5.438245172,9.394803965,6290.6
5001246,2006,45712.10642,72660.1,27.0807922,43.04533795,118372.2064,,,,,,,,,,,,,,,,,FALSE,TRUE,9272.1,2374.1,5135,104.5,9.13476517,7.772373697,8.543835122,4.649187071,17.38942308,2.855862152,10.73011845,3.298824702,8.155948634,7124
5001246,2007,59137.82805,2204992.331,31.25248541,1165.269218,2264130.159,,,,,,,,,,,,,,,,,FALSE,TRUE,9950.6,2823.5,5516.31974,137.8,9.20538813,7.945732529,8.615466203,4.925803359,1.519423077,0.418330708,10.98762607,3.442098906,0.175000581,8040.5
5001246,2008,89815.47711,2143167.625,46.22103046,1102.921448,2232983.102,,,,,,,,,,,,,,,,,FALSE,TRUE,10580,4021.1,4672.12205,77.5,9.266720705,8.299310776,8.449368648,4.350277936,22.38673077,3.108468407,11.40551259,3.833434899,9.662575837,9394.7
5001246,2009,80569.91226,1840488.433,42.6295832,973.8034034,1921058.345,,,,,,,,,,,,,,,,,FALSE,TRUE,12131.2,4281.8,6002.7264,451,9.403535925,8.362128761,8.699969045,6.11146734,13.37038462,2.593042158,11.29688056,3.752548454,6.723867634,9319.7
5001246,2010,71636.06428,1949684.711,35.3110349,961.0436526,2021320.775,,,,,,,,,,,,,,,,,FALSE,TRUE,13216.3,5194.6,6333.89041,239.7,9.489206195,8.555374903,8.753669925,5.479388141,14.42566038,2.669008592,11.17935392,3.564195518,7.123606862,10762
5001246,2011,65039.9868,1857036.612,29.38913599,839.1253475,1922076.599,,,,,,,,,,,,,,,,,FALSE,TRUE,14321.9,6850.1,5234.04,120.5,9.569545113,8.83201853,8.562938725,4.791649753,13.17788462,2.578540017,11.08275754,3.380625082,6.648868619,12686.7
5001246,2012,70122.595,1841508.359,31.50545756,827.373309,1911630.954,,,,,,,,,,,,,,,,,FALSE,TRUE,15358.6,9050.6,6078.24,108.1,9.639430857,9.110586333,8.712470459,4.683056725,7.510384615,2.016286678,11.15800035,3.450160787,4.065411969,15210.8
5001246,2013,63918.2066,1736086.277,25.14620308,682.9975434,1800004.484,,,,,,,,,,,,,,,,,FALSE,TRUE,16459.7,8089.9,7300.29094,102,9.708670248,8.998371649,8.895669481,4.624972813,4.551538462,1.515465299,11.06535952,3.224706914,2.296635073,14735.1
5001246,2014,75499.4904,1712588.916,29.60195508,671.474468,1788088.406,,,,,,,,,,,,,,,,,FALSE,TRUE,17512.8,8115.1,7557.56992,143.8,9.770687321,9.001481803,8.930304978,4.968423445,5.990576923,1.790187722,11.23188119,3.387840409,3.204772079,15059.2
5001246,2015,66984.48797,1771267.722,30.02391594,793.9210226,1838252.21,,,,,,,,,,,,,,,,,FALSE,TRUE,19239.8,8523.8,9559.56,145,9.864736329,9.05061753,9.16529698,4.976733742,7.695,2.040570767,11.11221635,3.401994262,4.163929056,15440.3
5001246,2016,61702.408,1807994.299,27.442,804.103,1869696.707,,,,,,,,,,,,,,,,,FALSE,TRUE,19918,8417.2,8747.48518,146.3,9.899379124,9.03803251,9.07652153,4.985659308,5.407169811,1.687725816,11.03007824,3.312074686,2.848418429,16024
5001246,2017,75533.778,1772097.345,28.802,675.728,1847631.123,,,,,,,,,,,,,,,,,FALSE,TRUE,20728.6,8682.1,9736.40125,159.5,9.939269668,9.069018714,9.183626847,5.072043922,5.86,1.768149604,11.23233523,3.360444829,3.126353021,16916.8
5001246,2018,62797.812,1617767.595,23.415,603.198,1680565.407,,,,,,,,,,,,,,,,,FALSE,TRUE,21670.8,8284.4,9955.49038,165.1,9.983721011,9.022129507,9.205879475,5.106551351,16.07634615,2.777349008,11.04767551,3.153376843,7.713667515,17156
5001246,2019,68488.221,1598901.848,26.091,609.114,1667390.069,,,,,,,,,,,,,,,,,FALSE,TRUE,22741.2,9616.1,11967.49237,204.8,10.03193354,9.171194056,9.389949284,5.322033893,24.89442308,3.214643806,11.13441705,3.261590427,10.3339348,18003.7
5001246,2020,61497.229,1612109.1,21.722,569.43,1673606.329,,,,,,,,,,,,,,,,,FALSE,TRUE,23993.4,10077.1,12554.28682,216.4,10.08553407,9.218020802,9.437817466,5.377128547,24.72403846,3.207775987,11.0267474,3.078325572,10.28982679,20630.3
5001062,2004,4685125.625,2311.817487,1119.879849,0.552590907,4687437.442,,,,,,,,,,,,,,,,,TRUE,TRUE,10304.192,1297.099,5037.93542,44.134,9.240306082,7.167885511,8.524751638,3.78723046,,,15.35990329,7.020976681,,6237.309
5001062,2005,3951432.268,1487.003989,1336.365258,0.502901311,3952919.272,,,,,,,,,,,,,,,,,TRUE,TRUE,10362.289,944.695,9286.066,73.759,9.245928437,6.850862124,9.136270276,4.300803022,21.43648649,3.065094446,15.18958867,7.197708713,9.394803965,6596.681
5001062,2006,3826382.335,1795.631092,1007.714417,0.472896637,3828177.966,,,,,,,,,,,,,,,,,TRUE,TRUE,10260.311,908.639,12457.444,90.56,9.23603843,6.811947876,9.430073635,4.506012614,17.38942308,2.855862152,15.15743035,6.915440092,8.155948634,6440.192
5001062,2007,3505339.219,1972.369044,790.2989134,0.44468196,3507311.588,,,,,,,,,,,,,,,,,TRUE,TRUE,10337.569,1605.163,14756.616,121.278,9.243540014,7.380980588,9.599446804,4.798085431,1.519423077,0.418330708,15.06979786,6.672411245,0.175000581,7339.778
5001062,2008,3072378.465,2253.504762,589.0894668,0.432080857,3074631.97,,,,,,,,,,,,,,,,,TRUE,TRUE,10048.712,1597.984,10034.992,84.139,9.215199746,7.376498114,9.213833464,4.432470193,22.38673077,3.108468407,14.93796256,6.378578068,9.662575837,8293.839
5001062,2009,2393674.917,2139.235288,478.9875058,0.428072738,2395814.152,,,,,,,,,,,,,,,,,TRUE,TRUE,11365.041,3763.915,9156.622,92.582,9.338297344,8.233214918,9.122232612,4.528094738,13.37038462,2.593042158,14.68834037,6.171674513,6.723867634,10345.216
5001062,2010,3293587.01,1830.257849,752.429362,0.418127635,3295417.268,,,,,,,,,,,,,,,,,TRUE,TRUE,12563.395,3904.025,8592.616,66.833,9.438542706,8.269763351,9.058658509,4.202196971,14.42566038,2.669008592,15.00748781,6.623307121,7.123606862,11290.979
5001062,2011,3993636.177,845057.3559,742.9074325,157.1999458,4838693.533,,,,,,,,,,,,,,,,,TRUE,TRUE,13040.401,3460.453,7203.66425,40.38,9.475807587,8.149154784,8.882345099,3.698334613,13.17788462,2.578540017,15.2002127,6.610571451,6.648868619,11859.31
5001062,2012,3127419.729,1053372.792,767.0211548,258.3469074,4180792.521,2,2568,,30485,,,1927,,5,4.16,,237.84,30729,4500,35229,0.872264328,TRUE,TRUE,14056.933,3526.701,6517.51827,118.6,9.550871005,8.168118152,8.782248949,4.775756487,7.510384615,2.016286678,14.95571885,6.642514382,4.065411969,12387.327
5001062,2013,2814487.664,985510.6982,666.341298,233.3236298,3799998.362,2,2312,,30943,,,1685,,32,88.04,,476.96,31510,4029,35539,0.886631588,TRUE,TRUE,17040.584,2999.528,5390.15437,110.738,9.743353072,8.006210222,8.592329304,4.707167051,4.551538462,1.515465299,14.8502908,6.501801999,2.296635073,12833.431
5001062,2014,1789021.175,1016410.339,477.3400221,271.1948526,2805431.514,2,1755,,31188,,,272,,3,126.44,,684.56,32001,2030,34031,0.940348506,TRUE,TRUE,17354.851,2469.494,5313.72292,62.325,9.761627343,7.81176855,8.578047983,4.132362629,5.990576923,1.790187722,14.3971792,6.168229072,3.204772079,12247.296
5001062,2015,1759550.825,1088782,534.315169,330.6257086,2848332.825,2,1480,,28098,,,777,,,6,,876,28982,2257,31239,0.927750568,TRUE,TRUE,17558.078,2262.816,4120.35004,-20.959,9.773269408,7.724365334,8.3236934,,7.695,2.040570767,14.38056912,6.280985869,4.163929056,11762.993
5001062,2016,1027566.734,908290,332.2399713,293.6745941,1935856.734,1.03,713.74,,30656.83,,,674.66,,,5.14,,853.61,31516.61,1388.4,32905.01,0.957805817,TRUE,TRUE,17735.443,1905.716,5272.03304,84.523,9.783320346,7.55261307,8.570171343,4.437023687,5.407169811,1.687725816,13.84270417,5.805857513,2.848418429,11538.188
5001062,2017,1373338.003,451625,392.5865449,129.1028851,1824963.003,2.06,777.69,,30538.76,,,1512.8,,,,,979.31,31520.13,2290.49,33810.62,0.932255309,TRUE,TRUE,17922.526,1717.298,6998.68899,31.94,9.793813636,7.448507404,8.853478123,3.463859143,5.86,1.768149604,14.13275483,5.972757009,3.126353021,11283.602
5001062,2018,1108015.302,411000,329.6597765,122.2818565,1519015.302,1.03,707,,29433.14,,,945.05,,,,,855.78,30289.95,1652.05,31942,0.948279694,TRUE,TRUE,17853.418,1038.917,12937.76015,150.377,9.789950253,6.945934103,9.467905458,5.013145474,16.07634615,2.777349008,13.91808096,5.798061142,7.713667515,11704.798
5001062,2019,1085552.823,392001.767,248.958,89.901,1477554.59,,909.13,,31389.56,,,697.2,,,,,951.11,32340.67,1606.33,33947,0.952681238,TRUE,TRUE,18221.885,803.572,15543.37779,103.917,9.810378623,6.689066789,9.651389961,4.643592504,24.89442308,3.214643806,13.89759993,5.517284208,10.3339348,11838.629
5001062,2020,662079.532,406000.018,179.205,109.892,1068079.55,,351.01,,31981.83,,,696.96,,,1.01,,937.39,32920.23,1047.97,33968.2,0.969148498,TRUE,TRUE,18793.686,774.454,24266.98567,153.727,9.841276241,6.652158265,10.09687209,5.035178302,24.72403846,3.207775987,13.40314097,5.188530402,10.28982679,11987.668
5001062,2021,456989.287,146090,80.719,25.804,603079.287,,1.01,,29625.18,,,1135.93,,,2.02,,847.15,30474.35,1136.94,31611.29,0.964033736,TRUE,TRUE,20839.673,1386.955,34359.41135,286.156,9.944613805,7.234865976,10.44463124,5.656537117,,,13.03241523,4.390973987,,17281.365
4539460,2013,6205710.087,1266.954396,6760.997087,1.380321488,6206977.041,49.91,10480.09,,,,,,,,,,,49.91,10480.09,10530,0.004739791,TRUE,FALSE,6321.684,668.144,1271.60515,18.649,8.751740907,6.504503719,7.148035279,2.925792525,4.551538462,1.515465299,15.64098041,8.818925656,2.296635073,6470.936
4539460,2014,12739931.33,1996.67161,14999.5789,2.350815916,12741928,57.45,10032.55,,,,,,,,,,,57.45,10032.55,10090,0.005693756,TRUE,FALSE,6945.18,882.28,1336.65929,15.055,8.845803173,6.782509466,7.197928713,2.711710162,5.990576923,1.790187722,16.36025182,9.615777406,3.204772079,6867.688
4539460,2015,11434926.71,1529.85755,14632.62685,1.957671896,11436456.57,61.22,8978.78,,,,,,,,,,,61.22,8978.78,9040,0.006772124,TRUE,FALSE,7339.549,933.462,457.41192,-1902.265,8.901032676,6.838900255,6.125584342,,7.695,2.040570767,16.25218298,9.59100903,4.163929056,4974.381
4539460,2016,11614095.58,903.4531747,16951.95396,1.318681814,11614999.03,78,9192,,,,,,,,,,,78,9192,9270,0.008414239,TRUE,FALSE,7454.462,592.145,640.88493,31.466,8.916568058,6.383751537,6.462849924,3.448907598,5.407169811,1.687725816,16.26773005,9.738138384,2.848418429,4801.3
4539460,2017,10998025.28,1160.731868,17021.53438,1.796453171,10999186.01,36.67,8353.33,,,,,,,,,,,36.67,8353.33,8390,0.004370679,TRUE,FALSE,7547.577,303.335,772.00968,13.875,8.928981864,5.714837805,6.648997089,2.63008866,5.86,1.768149604,16.21322629,9.74223455,3.126353021,4459.38
4539460,2018,7332719.182,1057.27815,11495.30103,1.65746571,7333776.46,40.22,6009.78,,,,,,,,,,,40.22,6009.78,6050,0.006647934,TRUE,FALSE,7586.201,59.424,381.1766,-398.109,8.934086218,4.084698185,5.943262785,,16.07634615,2.777349008,15.80785697,9.349693625,7.713667515,3871.297
4539460,2019,4226335.364,968.0320855,6098.313233,1.396804174,4227303.396,63.82,3336.18,,,,,,,,,,,63.82,3336.18,3400,0.018770588,TRUE,FALSE,7562.173,29.773,391.34131,-517.77,8.930913862,3.393601943,5.969580095,,24.89442308,3.214643806,15.25684583,8.715767493,10.3339348,3118.246
4539460,2020,5562583.767,624.116,10699.721,1.2,5563207.883,65.88,2594.12,,,,,,,,,,,65.88,2594.12,2660,0.024766917,TRUE,FALSE,7567.056,7.547,470.62605,25.035,8.931559367,2.021150133,6.15406383,3.220274846,24.72403846,3.207775987,15.53157326,9.277972945,10.28982679,2878.628
